column,reason
EMAIL,identifier_or_split_metadata
activity_average_met,not_in_fixed_domain_features
activity_cal_active,not_in_fixed_domain_features
activity_cal_total,not_in_fixed_domain_features
activity_daily_movement,not_in_fixed_domain_features
activity_high,not_in_fixed_domain_features
activity_inactive,not_in_fixed_domain_features
activity_inactivity_alerts,not_in_fixed_domain_features
activity_low,not_in_fixed_domain_features
activity_medium,not_in_fixed_domain_features
activity_met_min_high,not_in_fixed_domain_features
activity_met_min_inactive,not_in_fixed_domain_features
activity_met_min_low,not_in_fixed_domain_features
activity_met_min_medium,not_in_fixed_domain_features
activity_non_wear,not_in_fixed_domain_features
activity_rest,not_in_fixed_domain_features
activity_score,not_in_fixed_domain_features
activity_score_meet_daily_targets,not_in_fixed_domain_features
activity_score_move_every_hour,not_in_fixed_domain_features
activity_score_recovery_time,not_in_fixed_domain_features
activity_score_stay_active,not_in_fixed_domain_features
activity_score_training_frequency,not_in_fixed_domain_features
activity_score_training_volume,not_in_fixed_domain_features
activity_steps,not_in_fixed_domain_features
activity_total,not_in_fixed_domain_features
sleep_awake,not_in_fixed_domain_features
sleep_deep,not_in_fixed_domain_features
sleep_duration,not_in_fixed_domain_features
sleep_efficiency,not_in_fixed_domain_features
sleep_hr_average,not_in_fixed_domain_features
sleep_hr_lowest,not_in_fixed_domain_features
sleep_light,not_in_fixed_domain_features
sleep_midpoint_at_delta,not_in_fixed_domain_features
sleep_midpoint_time,not_in_fixed_domain_features
sleep_onset_latency,not_in_fixed_domain_features
sleep_period_id,identifier_or_split_metadata
sleep_rem,not_in_fixed_domain_features
sleep_restless,not_in_fixed_domain_features
sleep_rmssd,not_in_fixed_domain_features
sleep_score,not_in_fixed_domain_features
sleep_score_deep,not_in_fixed_domain_features
sleep_score_disturbances,not_in_fixed_domain_features
sleep_score_efficiency,not_in_fixed_domain_features
sleep_score_latency,not_in_fixed_domain_features
sleep_score_rem,not_in_fixed_domain_features
sleep_score_total,not_in_fixed_domain_features
sleep_temperature_delta,not_in_fixed_domain_features
sleep_temperature_deviation,not_in_fixed_domain_features
sleep_total,not_in_fixed_domain_features
sleep_start_hour,not_in_fixed_domain_features
sleep_end_hour,not_in_fixed_domain_features
sleep_time_calculated,not_in_fixed_domain_features
activity_class_0_count,not_in_fixed_domain_features
activity_class_0_ratio,not_in_fixed_domain_features
activity_class_1_count,not_in_fixed_domain_features
activity_class_1_ratio,not_in_fixed_domain_features
activity_class_2_count,not_in_fixed_domain_features
activity_class_2_ratio,not_in_fixed_domain_features
activity_class_3_count,not_in_fixed_domain_features
activity_class_3_ratio,not_in_fixed_domain_features
activity_class_4_count,not_in_fixed_domain_features
activity_class_4_ratio,not_in_fixed_domain_features
activity_class_5_count,not_in_fixed_domain_features
activity_class_5_ratio,not_in_fixed_domain_features
activity_rest_ratio,not_in_fixed_domain_features
activity_inactive_ratio,not_in_fixed_domain_features
activity_active_ratio,not_in_fixed_domain_features
activity_not_worn_ratio,not_in_fixed_domain_features
activity_class_valid_count,not_in_fixed_domain_features
activity_met_1min_mean,not_in_fixed_domain_features
activity_met_1min_std,not_in_fixed_domain_features
activity_met_1min_var,not_in_fixed_domain_features
activity_met_1min_min,not_in_fixed_domain_features
activity_met_1min_max,not_in_fixed_domain_features
activity_met_1min_median,not_in_fixed_domain_features
activity_met_1min_q25,not_in_fixed_domain_features
activity_met_1min_q75,not_in_fixed_domain_features
activity_met_1min_iqr,not_in_fixed_domain_features
sleep_hr_5min_mean,not_in_fixed_domain_features
sleep_hr_5min_std,not_in_fixed_domain_features
sleep_hr_5min_var,not_in_fixed_domain_features
sleep_hr_5min_min,not_in_fixed_domain_features
sleep_hr_5min_max,not_in_fixed_domain_features
sleep_hr_5min_median,not_in_fixed_domain_features
sleep_hr_5min_q25,not_in_fixed_domain_features
sleep_hr_5min_q75,not_in_fixed_domain_features
sleep_hr_5min_iqr,not_in_fixed_domain_features
sleep_hr_5min_valid_count,not_in_fixed_domain_features
sleep_rmssd_5min_mean,not_in_fixed_domain_features
sleep_rmssd_5min_std,not_in_fixed_domain_features
sleep_rmssd_5min_var,not_in_fixed_domain_features
sleep_rmssd_5min_min,not_in_fixed_domain_features
sleep_rmssd_5min_max,not_in_fixed_domain_features
sleep_rmssd_5min_median,not_in_fixed_domain_features
sleep_rmssd_5min_q25,not_in_fixed_domain_features
sleep_rmssd_5min_q75,not_in_fixed_domain_features
sleep_rmssd_5min_iqr,not_in_fixed_domain_features
sleep_rmssd_5min_valid_count,not_in_fixed_domain_features
sleep_deep_count_5min,not_in_fixed_domain_features
sleep_deep_ratio_5min,not_in_fixed_domain_features
sleep_light_count_5min,not_in_fixed_domain_features
sleep_light_ratio_5min,not_in_fixed_domain_features
sleep_rem_count_5min,not_in_fixed_domain_features
sleep_rem_ratio_5min,not_in_fixed_domain_features
sleep_awake_count_5min,not_in_fixed_domain_features
sleep_awake_ratio_5min,not_in_fixed_domain_features
sleep_stage_transition_count,not_in_fixed_domain_features
sleep_hypnogram_valid_count,not_in_fixed_domain_features
activity_average_met_std,not_in_fixed_domain_features
activity_cal_active_std,not_in_fixed_domain_features
activity_cal_total_std,not_in_fixed_domain_features
activity_daily_movement_std,not_in_fixed_domain_features
activity_high_std,not_in_fixed_domain_features
activity_inactive_std,not_in_fixed_domain_features
activity_inactivity_alerts_std,not_in_fixed_domain_features
activity_low_std,not_in_fixed_domain_features
activity_medium_std,not_in_fixed_domain_features
activity_met_min_high_std,not_in_fixed_domain_features
activity_met_min_inactive_std,not_in_fixed_domain_features
activity_met_min_medium_std,not_in_fixed_domain_features
activity_non_wear_std,not_in_fixed_domain_features
activity_rest_std,not_in_fixed_domain_features
activity_score_meet_daily_targets_std,not_in_fixed_domain_features
activity_score_move_every_hour_std,not_in_fixed_domain_features
activity_score_recovery_time_std,not_in_fixed_domain_features
activity_score_stay_active_std,not_in_fixed_domain_features
activity_score_training_frequency_std,not_in_fixed_domain_features
activity_score_training_volume_std,not_in_fixed_domain_features
activity_steps_std,not_in_fixed_domain_features
activity_total_std,not_in_fixed_domain_features
sleep_breath_average_std,not_in_fixed_domain_features
sleep_deep_std,not_in_fixed_domain_features
sleep_duration_std,not_in_fixed_domain_features
sleep_efficiency_std,not_in_fixed_domain_features
sleep_hr_average_std,not_in_fixed_domain_features
sleep_hr_lowest_std,not_in_fixed_domain_features
sleep_light_std,not_in_fixed_domain_features
sleep_midpoint_at_delta_std,not_in_fixed_domain_features
sleep_midpoint_time_std,not_in_fixed_domain_features
sleep_onset_latency_std,not_in_fixed_domain_features
sleep_period_id_std,not_in_fixed_domain_features
sleep_rem_std,not_in_fixed_domain_features
sleep_rmssd_std,not_in_fixed_domain_features
sleep_score_std,not_in_fixed_domain_features
sleep_score_alignment_std,not_in_fixed_domain_features
sleep_score_deep_std,not_in_fixed_domain_features
sleep_score_disturbances_std,not_in_fixed_domain_features
sleep_score_efficiency_std,not_in_fixed_domain_features
sleep_score_latency_std,not_in_fixed_domain_features
sleep_score_rem_std,not_in_fixed_domain_features
sleep_score_total_std,not_in_fixed_domain_features
sleep_temperature_delta_std,not_in_fixed_domain_features
sleep_temperature_deviation_std,not_in_fixed_domain_features
sleep_total_std,not_in_fixed_domain_features
sleep_start_hour_std,not_in_fixed_domain_features
sleep_end_hour_std,not_in_fixed_domain_features
sleep_time_calculated_std,not_in_fixed_domain_features
activity_class_0_count_std,not_in_fixed_domain_features
activity_class_0_ratio_std,not_in_fixed_domain_features
activity_class_1_count_std,not_in_fixed_domain_features
activity_class_1_ratio_std,not_in_fixed_domain_features
activity_class_2_count_std,not_in_fixed_domain_features
activity_class_2_ratio_std,not_in_fixed_domain_features
activity_class_3_ratio_std,not_in_fixed_domain_features
activity_class_4_count_std,not_in_fixed_domain_features
activity_class_4_ratio_std,not_in_fixed_domain_features
activity_class_5_count_std,not_in_fixed_domain_features
activity_class_5_ratio_std,not_in_fixed_domain_features
activity_rest_ratio_std,not_in_fixed_domain_features
activity_inactive_ratio_std,not_in_fixed_domain_features
activity_active_ratio_std,not_in_fixed_domain_features
activity_not_worn_ratio_std,not_in_fixed_domain_features
activity_class_valid_count_std,not_in_fixed_domain_features
activity_met_1min_mean_std,not_in_fixed_domain_features
activity_met_1min_std_std,not_in_fixed_domain_features
activity_met_1min_var_std,not_in_fixed_domain_features
activity_met_1min_min_std,not_in_fixed_domain_features
activity_met_1min_max_std,not_in_fixed_domain_features
activity_met_1min_median_std,not_in_fixed_domain_features
activity_met_1min_q25_std,not_in_fixed_domain_features
activity_met_1min_q75_std,not_in_fixed_domain_features
activity_met_1min_iqr_std,not_in_fixed_domain_features
sleep_hr_5min_mean_std,not_in_fixed_domain_features
sleep_hr_5min_std_std,not_in_fixed_domain_features
sleep_hr_5min_var_std,not_in_fixed_domain_features
sleep_hr_5min_min_std,not_in_fixed_domain_features
sleep_hr_5min_median_std,not_in_fixed_domain_features
sleep_hr_5min_q25_std,not_in_fixed_domain_features
sleep_hr_5min_q75_std,not_in_fixed_domain_features
sleep_hr_5min_iqr_std,not_in_fixed_domain_features
sleep_hr_5min_valid_count_std,not_in_fixed_domain_features
sleep_rmssd_5min_mean_std,not_in_fixed_domain_features
sleep_rmssd_5min_std_std,not_in_fixed_domain_features
sleep_rmssd_5min_var_std,not_in_fixed_domain_features
sleep_rmssd_5min_min_std,not_in_fixed_domain_features
sleep_rmssd_5min_max_std,not_in_fixed_domain_features
sleep_rmssd_5min_median_std,not_in_fixed_domain_features
sleep_rmssd_5min_q25_std,not_in_fixed_domain_features
sleep_rmssd_5min_q75_std,not_in_fixed_domain_features
sleep_rmssd_5min_iqr_std,not_in_fixed_domain_features
sleep_rmssd_5min_valid_count_std,not_in_fixed_domain_features
sleep_deep_count_5min_std,not_in_fixed_domain_features
sleep_deep_ratio_5min_std,not_in_fixed_domain_features
sleep_light_count_5min_std,not_in_fixed_domain_features
sleep_light_ratio_5min_std,not_in_fixed_domain_features
sleep_rem_count_5min_std,not_in_fixed_domain_features
sleep_rem_ratio_5min_std,not_in_fixed_domain_features
sleep_awake_count_5min_std,not_in_fixed_domain_features
sleep_awake_ratio_5min_std,not_in_fixed_domain_features
sleep_stage_transition_count_std,not_in_fixed_domain_features
sleep_hypnogram_valid_count_std,not_in_fixed_domain_features
DIAG_NM,diagnostic_information
original_label,target_or_label
label,target_or_label
circadian_L5,not_in_fixed_domain_features
circadian_M10,not_in_fixed_domain_features
cosinor_mesor,not_in_fixed_domain_features
cosinor_amplitude,not_in_fixed_domain_features
cosinor_acrophase,not_in_fixed_domain_features
sleep_trans_1_1,not_in_fixed_domain_features
sleep_trans_1_2,not_in_fixed_domain_features
sleep_trans_1_3,not_in_fixed_domain_features
sleep_trans_1_4,not_in_fixed_domain_features
sleep_trans_2_1,not_in_fixed_domain_features
sleep_trans_2_2,not_in_fixed_domain_features
sleep_trans_2_3,not_in_fixed_domain_features
sleep_trans_2_4,not_in_fixed_domain_features
sleep_trans_3_1,not_in_fixed_domain_features
sleep_trans_3_2,not_in_fixed_domain_features
sleep_trans_3_3,not_in_fixed_domain_features
sleep_trans_3_4,not_in_fixed_domain_features
sleep_trans_4_1,not_in_fixed_domain_features
sleep_trans_4_2,not_in_fixed_domain_features
sleep_trans_4_3,not_in_fixed_domain_features
sleep_trans_4_4,not_in_fixed_domain_features
sleep_hr_mean_raw,not_in_fixed_domain_features
sleep_hr_std_raw,not_in_fixed_domain_features
