feature,missing_fraction,nonmissing_fraction,unique_nonmissing,family
activity__scalar_activity_average_met__iqr,0.0,1.0,26,activity
activity__scalar_activity_average_met__mean,0.0,1.0,141,activity
activity__scalar_activity_average_met__median,0.0,1.0,33,activity
activity__scalar_activity_average_met__q10,0.0,1.0,44,activity
activity__scalar_activity_average_met__q90,0.0,1.0,58,activity
activity__scalar_activity_average_met__rank_slope,0.0,1.0,141,activity
activity__scalar_activity_average_met__recent_early,0.0,1.0,23,activity
activity__scalar_activity_average_met__std,0.0,1.0,141,activity
activity__scalar_activity_cal_active__iqr,0.0,1.0,128,activity
activity__scalar_activity_cal_active__mean,0.0,1.0,141,activity
activity__scalar_activity_cal_active__median,0.0,1.0,136,activity
activity__scalar_activity_cal_active__q10,0.0,1.0,140,activity
activity__scalar_activity_cal_active__q90,0.0,1.0,140,activity
activity__scalar_activity_cal_active__rank_slope,0.0,1.0,141,activity
activity__scalar_activity_cal_active__recent_early,0.0,1.0,126,activity
activity__scalar_activity_cal_active__std,0.0,1.0,141,activity
activity__scalar_activity_cal_total__iqr,0.0,1.0,131,activity
activity__scalar_activity_cal_total__mean,0.0,1.0,141,activity
activity__scalar_activity_cal_total__median,0.0,1.0,133,activity
activity__scalar_activity_cal_total__q10,0.0,1.0,139,activity
activity__scalar_activity_cal_total__q90,0.0,1.0,139,activity
activity__scalar_activity_cal_total__rank_slope,0.0,1.0,141,activity
activity__scalar_activity_cal_total__recent_early,0.0,1.0,128,activity
activity__scalar_activity_cal_total__std,0.0,1.0,141,activity
activity__scalar_activity_daily_movement__iqr,0.0,1.0,141,activity
activity__scalar_activity_daily_movement__mean,0.0,1.0,141,activity
activity__scalar_activity_daily_movement__median,0.0,1.0,141,activity
activity__scalar_activity_daily_movement__q10,0.0,1.0,141,activity
activity__scalar_activity_daily_movement__q90,0.0,1.0,141,activity
activity__scalar_activity_daily_movement__rank_slope,0.0,1.0,141,activity
activity__scalar_activity_daily_movement__recent_early,0.0,1.0,141,activity
activity__scalar_activity_daily_movement__std,0.0,1.0,141,activity
activity__scalar_activity_high__iqr,0.0,1.0,29,activity
activity__scalar_activity_high__mean,0.0,1.0,140,activity
activity__scalar_activity_high__median,0.0,1.0,16,activity
activity__scalar_activity_high__q10,0.0,1.0,10,activity
activity__scalar_activity_high__q90,0.0,1.0,61,activity
activity__scalar_activity_high__rank_slope,0.0,1.0,141,activity
activity__scalar_activity_high__recent_early,0.0,1.0,18,activity
activity__scalar_activity_high__std,0.0,1.0,141,activity
activity__scalar_activity_inactive__iqr,0.0,1.0,119,activity
activity__scalar_activity_inactive__mean,0.0,1.0,141,activity
activity__scalar_activity_inactive__median,0.0,1.0,125,activity
activity__scalar_activity_inactive__q10,0.0,1.0,140,activity
activity__scalar_activity_inactive__q90,0.0,1.0,139,activity
activity__scalar_activity_inactive__rank_slope,0.0,1.0,141,activity
activity__scalar_activity_inactive__recent_early,0.0,1.0,104,activity
activity__scalar_activity_inactive__std,0.0,1.0,141,activity
activity__scalar_activity_inactivity_alerts__iqr,0.0,1.0,7,activity
activity__scalar_activity_inactivity_alerts__mean,0.0,1.0,134,activity
activity__scalar_activity_inactivity_alerts__median,0.0,1.0,3,activity
activity__scalar_activity_inactivity_alerts__q10,0.0,1.0,1,activity
activity__scalar_activity_inactivity_alerts__q90,0.0,1.0,13,activity
activity__scalar_activity_inactivity_alerts__rank_slope,0.0,1.0,141,activity
activity__scalar_activity_inactivity_alerts__recent_early,0.0,1.0,5,activity
activity__scalar_activity_inactivity_alerts__std,0.0,1.0,140,activity
activity__scalar_activity_low__iqr,0.0,1.0,118,activity
activity__scalar_activity_low__mean,0.0,1.0,141,activity
activity__scalar_activity_low__median,0.0,1.0,125,activity
activity__scalar_activity_low__q10,0.0,1.0,135,activity
activity__scalar_activity_low__q90,0.0,1.0,137,activity
activity__scalar_activity_low__rank_slope,0.0,1.0,141,activity
activity__scalar_activity_low__recent_early,0.0,1.0,115,activity
activity__scalar_activity_low__std,0.0,1.0,141,activity
activity__scalar_activity_medium__iqr,0.0,1.0,109,activity
activity__scalar_activity_medium__mean,0.0,1.0,141,activity
activity__scalar_activity_medium__median,0.0,1.0,96,activity
activity__scalar_activity_medium__q10,0.0,1.0,93,activity
activity__scalar_activity_medium__q90,0.0,1.0,136,activity
activity__scalar_activity_medium__rank_slope,0.0,1.0,141,activity
activity__scalar_activity_medium__recent_early,0.0,1.0,75,activity
activity__scalar_activity_medium__std,0.0,1.0,141,activity
activity__scalar_activity_met_min_high__iqr,0.0,1.0,68,activity
activity__scalar_activity_met_min_high__mean,0.0,1.0,140,activity
activity__scalar_activity_met_min_high__median,0.0,1.0,46,activity
activity__scalar_activity_met_min_high__q10,0.0,1.0,19,activity
activity__scalar_activity_met_min_high__q90,0.0,1.0,103,activity
activity__scalar_activity_met_min_high__rank_slope,0.0,1.0,141,activity
activity__scalar_activity_met_min_high__recent_early,0.0,1.0,48,activity
activity__scalar_activity_met_min_high__std,0.0,1.0,141,activity
activity__scalar_activity_met_min_inactive__iqr,0.0,1.0,17,activity
activity__scalar_activity_met_min_inactive__mean,0.0,1.0,141,activity
activity__scalar_activity_met_min_inactive__median,0.0,1.0,19,activity
activity__scalar_activity_met_min_inactive__q10,0.0,1.0,31,activity
activity__scalar_activity_met_min_inactive__q90,0.0,1.0,39,activity
activity__scalar_activity_met_min_inactive__rank_slope,0.0,1.0,141,activity
activity__scalar_activity_met_min_inactive__recent_early,0.0,1.0,13,activity
activity__scalar_activity_met_min_inactive__std,0.0,1.0,141,activity
activity__scalar_activity_met_min_low__iqr,0.0,1.0,116,activity
activity__scalar_activity_met_min_low__mean,0.0,1.0,141,activity
activity__scalar_activity_met_min_low__median,0.0,1.0,116,activity
activity__scalar_activity_met_min_low__q10,0.0,1.0,133,activity
activity__scalar_activity_met_min_low__q90,0.0,1.0,139,activity
activity__scalar_activity_met_min_low__rank_slope,0.0,1.0,141,activity
activity__scalar_activity_met_min_low__recent_early,0.0,1.0,101,activity
activity__scalar_activity_met_min_low__std,0.0,1.0,141,activity
activity__scalar_activity_met_min_medium__iqr,0.0,1.0,129,activity
activity__scalar_activity_met_min_medium__mean,0.0,1.0,141,activity
activity__scalar_activity_met_min_medium__median,0.0,1.0,129,activity
activity__scalar_activity_met_min_medium__q10,0.0,1.0,122,activity
activity__scalar_activity_met_min_medium__q90,0.0,1.0,139,activity
activity__scalar_activity_met_min_medium__rank_slope,0.0,1.0,141,activity
activity__scalar_activity_met_min_medium__recent_early,0.0,1.0,111,activity
activity__scalar_activity_met_min_medium__std,0.0,1.0,141,activity
activity__scalar_activity_non_wear__iqr,0.0,1.0,102,activity
activity__scalar_activity_non_wear__mean,0.0,1.0,141,activity
activity__scalar_activity_non_wear__median,0.0,1.0,49,activity
activity__scalar_activity_non_wear__q10,0.0,1.0,15,activity
activity__scalar_activity_non_wear__q90,0.0,1.0,131,activity
activity__scalar_activity_non_wear__rank_slope,0.0,1.0,141,activity
activity__scalar_activity_non_wear__recent_early,0.0,1.0,58,activity
activity__scalar_activity_non_wear__std,0.0,1.0,141,activity
activity__scalar_activity_rest__iqr,0.0,1.0,117,activity
activity__scalar_activity_rest__mean,0.0,1.0,141,activity
activity__scalar_activity_rest__median,0.0,1.0,124,activity
activity__scalar_activity_rest__q10,0.0,1.0,134,activity
activity__scalar_activity_rest__q90,0.0,1.0,135,activity
activity__scalar_activity_rest__rank_slope,0.0,1.0,141,activity
activity__scalar_activity_rest__recent_early,0.0,1.0,107,activity
activity__scalar_activity_rest__std,0.0,1.0,141,activity
activity__scalar_activity_score__iqr,0.0,1.0,62,activity
activity__scalar_activity_score__mean,0.0,1.0,140,activity
activity__scalar_activity_score__median,0.0,1.0,60,activity
activity__scalar_activity_score__q10,0.0,1.0,86,activity
activity__scalar_activity_score__q90,0.0,1.0,56,activity
activity__scalar_activity_score__rank_slope,0.0,1.0,141,activity
activity__scalar_activity_score__recent_early,0.0,1.0,53,activity
activity__scalar_activity_score__std,0.0,1.0,141,activity
activity__scalar_activity_score_meet_daily_targets__iqr,0.0,1.0,19,activity
activity__scalar_activity_score_meet_daily_targets__mean,0.0,1.0,135,activity
activity__scalar_activity_score_meet_daily_targets__median,0.0,1.0,11,activity
activity__scalar_activity_score_meet_daily_targets__q10,0.0,1.0,14,activity
activity__scalar_activity_score_meet_daily_targets__q90,0.0,1.0,12,activity
activity__scalar_activity_score_meet_daily_targets__rank_slope,0.0,1.0,136,activity
activity__scalar_activity_score_meet_daily_targets__recent_early,0.0,1.0,24,activity
activity__scalar_activity_score_meet_daily_targets__std,0.0,1.0,135,activity
activity__scalar_activity_score_move_every_hour__iqr,0.0,1.0,8,activity
activity__scalar_activity_score_move_every_hour__mean,0.0,1.0,140,activity
activity__scalar_activity_score_move_every_hour__median,0.0,1.0,3,activity
activity__scalar_activity_score_move_every_hour__q10,0.0,1.0,14,activity
activity__scalar_activity_score_move_every_hour__q90,0.0,1.0,1,activity
activity__scalar_activity_score_move_every_hour__rank_slope,0.0,1.0,140,activity
activity__scalar_activity_score_move_every_hour__recent_early,0.0,1.0,6,activity
activity__scalar_activity_score_move_every_hour__std,0.0,1.0,140,activity
activity__scalar_activity_score_recovery_time__iqr,0.0,1.0,32,activity
activity__scalar_activity_score_recovery_time__mean,0.0,1.0,136,activity
activity__scalar_activity_score_recovery_time__median,0.0,1.0,16,activity
activity__scalar_activity_score_recovery_time__q10,0.0,1.0,41,activity
activity__scalar_activity_score_recovery_time__q90,0.0,1.0,9,activity
activity__scalar_activity_score_recovery_time__rank_slope,0.0,1.0,136,activity
activity__scalar_activity_score_recovery_time__recent_early,0.0,1.0,33,activity
activity__scalar_activity_score_recovery_time__std,0.0,1.0,136,activity
activity__scalar_activity_score_stay_active__iqr,0.0,1.0,62,activity
activity__scalar_activity_score_stay_active__mean,0.0,1.0,141,activity
activity__scalar_activity_score_stay_active__median,0.0,1.0,59,activity
activity__scalar_activity_score_stay_active__q10,0.0,1.0,104,activity
activity__scalar_activity_score_stay_active__q90,0.0,1.0,61,activity
activity__scalar_activity_score_stay_active__rank_slope,0.0,1.0,141,activity
activity__scalar_activity_score_stay_active__recent_early,0.0,1.0,47,activity
activity__scalar_activity_score_stay_active__std,0.0,1.0,141,activity
activity__scalar_activity_score_training_frequency__iqr,0.0,1.0,14,activity
activity__scalar_activity_score_training_frequency__mean,0.0,1.0,111,activity
activity__scalar_activity_score_training_frequency__median,0.0,1.0,6,activity
activity__scalar_activity_score_training_frequency__q10,0.0,1.0,12,activity
activity__scalar_activity_score_training_frequency__q90,0.0,1.0,9,activity
activity__scalar_activity_score_training_frequency__rank_slope,0.0,1.0,112,activity
activity__scalar_activity_score_training_frequency__recent_early,0.0,1.0,22,activity
activity__scalar_activity_score_training_frequency__std,0.0,1.0,111,activity
activity__scalar_activity_score_training_volume__iqr,0.0,1.0,51,activity
activity__scalar_activity_score_training_volume__mean,0.0,1.0,135,activity
activity__scalar_activity_score_training_volume__median,0.0,1.0,40,activity
activity__scalar_activity_score_training_volume__q10,0.0,1.0,73,activity
activity__scalar_activity_score_training_volume__q90,0.0,1.0,28,activity
activity__scalar_activity_score_training_volume__rank_slope,0.0,1.0,135,activity
activity__scalar_activity_score_training_volume__recent_early,0.0,1.0,45,activity
activity__scalar_activity_score_training_volume__std,0.0,1.0,135,activity
activity__scalar_activity_steps__iqr,0.0,1.0,140,activity
activity__scalar_activity_steps__mean,0.0,1.0,141,activity
activity__scalar_activity_steps__median,0.0,1.0,139,activity
activity__scalar_activity_steps__q10,0.0,1.0,141,activity
activity__scalar_activity_steps__q90,0.0,1.0,140,activity
activity__scalar_activity_steps__rank_slope,0.0,1.0,141,activity
activity__scalar_activity_steps__recent_early,0.0,1.0,140,activity
activity__scalar_activity_steps__std,0.0,1.0,141,activity
activity__scalar_activity_total__iqr,0.0,1.0,113,activity
activity__scalar_activity_total__mean,0.0,1.0,141,activity
activity__scalar_activity_total__median,0.0,1.0,132,activity
activity__scalar_activity_total__q10,0.0,1.0,139,activity
activity__scalar_activity_total__q90,0.0,1.0,139,activity
activity__scalar_activity_total__rank_slope,0.0,1.0,141,activity
activity__scalar_activity_total__recent_early,0.0,1.0,112,activity
activity__scalar_activity_total__std,0.0,1.0,141,activity
activity__seq_activity_met_iqr__iqr,0.0,1.0,31,activity
activity__seq_activity_met_iqr__mean,0.0,1.0,140,activity
activity__seq_activity_met_iqr__median,0.0,1.0,18,activity
activity__seq_activity_met_iqr__q10,0.0,1.0,22,activity
activity__seq_activity_met_iqr__q90,0.0,1.0,37,activity
activity__seq_activity_met_iqr__rank_slope,0.0,1.0,141,activity
activity__seq_activity_met_iqr__recent_early,0.0,1.0,33,activity
activity__seq_activity_met_iqr__std,0.0,1.0,141,activity
activity__seq_activity_met_low_high_delta__iqr,0.0,1.0,141,activity
activity__seq_activity_met_low_high_delta__mean,0.0,1.0,141,activity
activity__seq_activity_met_low_high_delta__median,0.0,1.0,141,activity
activity__seq_activity_met_low_high_delta__q10,0.0,1.0,141,activity
activity__seq_activity_met_low_high_delta__q90,0.0,1.0,141,activity
activity__seq_activity_met_low_high_delta__rank_slope,0.0,1.0,141,activity
activity__seq_activity_met_low_high_delta__recent_early,0.0,1.0,140,activity
activity__seq_activity_met_low_high_delta__std,0.0,1.0,141,activity
activity__seq_activity_met_mean__iqr,0.0,1.0,141,activity
activity__seq_activity_met_mean__mean,0.0,1.0,141,activity
activity__seq_activity_met_mean__median,0.0,1.0,140,activity
activity__seq_activity_met_mean__q10,0.0,1.0,141,activity
activity__seq_activity_met_mean__q90,0.0,1.0,141,activity
activity__seq_activity_met_mean__rank_slope,0.0,1.0,141,activity
activity__seq_activity_met_mean__recent_early,0.0,1.0,140,activity
activity__seq_activity_met_mean__std,0.0,1.0,141,activity
activity__seq_activity_met_median__iqr,0.0,1.0,16,activity
activity__seq_activity_met_median__mean,0.0,1.0,139,activity
activity__seq_activity_met_median__median,0.0,1.0,8,activity
activity__seq_activity_met_median__q10,0.0,1.0,24,activity
activity__seq_activity_met_median__q90,0.0,1.0,16,activity
activity__seq_activity_met_median__rank_slope,0.0,1.0,141,activity
activity__seq_activity_met_median__recent_early,0.0,1.0,9,activity
activity__seq_activity_met_median__std,0.0,1.0,141,activity
activity__seq_activity_met_q10__iqr,0.0,1.0,2,activity
activity__seq_activity_met_q10__mean,0.0,1.0,116,activity
activity__seq_activity_met_q10__median,0.0,1.0,2,activity
activity__seq_activity_met_q10__q10,0.0,1.0,10,activity
activity__seq_activity_met_q10__q90,0.0,1.0,2,activity
activity__seq_activity_met_q10__rank_slope,0.0,1.0,131,activity
activity__seq_activity_met_q10__recent_early,0.0,1.0,2,activity
activity__seq_activity_met_q10__std,0.0,1.0,115,activity
activity__seq_activity_met_q90__iqr,0.0,1.0,67,activity
activity__seq_activity_met_q90__mean,0.0,1.0,141,activity
activity__seq_activity_met_q90__median,0.0,1.0,36,activity
activity__seq_activity_met_q90__q10,0.0,1.0,51,activity
activity__seq_activity_met_q90__q90,0.0,1.0,68,activity
activity__seq_activity_met_q90__rank_slope,0.0,1.0,141,activity
activity__seq_activity_met_q90__recent_early,0.0,1.0,60,activity
activity__seq_activity_met_q90__std,0.0,1.0,141,activity
activity__seq_activity_met_std__iqr,0.0,1.0,141,activity
activity__seq_activity_met_std__mean,0.0,1.0,141,activity
activity__seq_activity_met_std__median,0.0,1.0,141,activity
activity__seq_activity_met_std__q10,0.0,1.0,141,activity
activity__seq_activity_met_std__q90,0.0,1.0,141,activity
activity__seq_activity_met_std__rank_slope,0.0,1.0,141,activity
activity__seq_activity_met_std__recent_early,0.0,1.0,141,activity
activity__seq_activity_met_std__std,0.0,1.0,141,activity
activity__seq_activity_state_active_ratio__iqr,0.0,1.0,136,activity
activity__seq_activity_state_active_ratio__mean,0.0,1.0,141,activity
activity__seq_activity_state_active_ratio__median,0.0,1.0,127,activity
activity__seq_activity_state_active_ratio__q10,0.0,1.0,138,activity
activity__seq_activity_state_active_ratio__q90,0.0,1.0,137,activity
activity__seq_activity_state_active_ratio__rank_slope,0.0,1.0,141,activity
activity__seq_activity_state_active_ratio__recent_early,0.0,1.0,130,activity
activity__seq_activity_state_active_ratio__std,0.0,1.0,141,activity
activity__seq_activity_state_entropy__iqr,0.0,1.0,141,activity
activity__seq_activity_state_entropy__mean,0.0,1.0,141,activity
activity__seq_activity_state_entropy__median,0.0,1.0,141,activity
activity__seq_activity_state_entropy__q10,0.0,1.0,141,activity
activity__seq_activity_state_entropy__q90,0.0,1.0,141,activity
activity__seq_activity_state_entropy__rank_slope,0.0,1.0,141,activity
activity__seq_activity_state_entropy__recent_early,0.0,1.0,141,activity
activity__seq_activity_state_entropy__std,0.0,1.0,141,activity
activity__seq_activity_state_longest_inactive_run__iqr,0.0,1.0,79,activity
activity__seq_activity_state_longest_inactive_run__mean,0.0,1.0,141,activity
activity__seq_activity_state_longest_inactive_run__median,0.0,1.0,66,activity
activity__seq_activity_state_longest_inactive_run__q10,0.0,1.0,97,activity
activity__seq_activity_state_longest_inactive_run__q90,0.0,1.0,118,activity
activity__seq_activity_state_longest_inactive_run__rank_slope,0.0,1.0,141,activity
activity__seq_activity_state_longest_inactive_run__recent_early,0.0,1.0,53,activity
activity__seq_activity_state_longest_inactive_run__std,0.0,1.0,141,activity
activity__seq_activity_state_state_1_ratio__iqr,0.0,1.0,134,activity
activity__seq_activity_state_state_1_ratio__mean,0.0,1.0,141,activity
activity__seq_activity_state_state_1_ratio__median,0.0,1.0,124,activity
activity__seq_activity_state_state_1_ratio__q10,0.0,1.0,135,activity
activity__seq_activity_state_state_1_ratio__q90,0.0,1.0,139,activity
activity__seq_activity_state_state_1_ratio__rank_slope,0.0,1.0,141,activity
activity__seq_activity_state_state_1_ratio__recent_early,0.0,1.0,132,activity
activity__seq_activity_state_state_1_ratio__std,0.0,1.0,141,activity
activity__seq_activity_state_state_2_ratio__iqr,0.0,1.0,137,activity
activity__seq_activity_state_state_2_ratio__mean,0.0,1.0,141,activity
activity__seq_activity_state_state_2_ratio__median,0.0,1.0,129,activity
activity__seq_activity_state_state_2_ratio__q10,0.0,1.0,134,activity
activity__seq_activity_state_state_2_ratio__q90,0.0,1.0,136,activity
activity__seq_activity_state_state_2_ratio__rank_slope,0.0,1.0,141,activity
activity__seq_activity_state_state_2_ratio__recent_early,0.0,1.0,134,activity
activity__seq_activity_state_state_2_ratio__std,0.0,1.0,141,activity
activity__seq_activity_state_state_3_ratio__iqr,0.0,1.0,138,activity
activity__seq_activity_state_state_3_ratio__mean,0.0,1.0,141,activity
activity__seq_activity_state_state_3_ratio__median,0.0,1.0,121,activity
activity__seq_activity_state_state_3_ratio__q10,0.0,1.0,137,activity
activity__seq_activity_state_state_3_ratio__q90,0.0,1.0,140,activity
activity__seq_activity_state_state_3_ratio__rank_slope,0.0,1.0,141,activity
activity__seq_activity_state_state_3_ratio__recent_early,0.0,1.0,127,activity
activity__seq_activity_state_state_3_ratio__std,0.0,1.0,141,activity
activity__seq_activity_state_state_4_ratio__iqr,0.0,1.0,127,activity
activity__seq_activity_state_state_4_ratio__mean,0.0,1.0,141,activity
activity__seq_activity_state_state_4_ratio__median,0.0,1.0,108,activity
activity__seq_activity_state_state_4_ratio__q10,0.0,1.0,93,activity
activity__seq_activity_state_state_4_ratio__q90,0.0,1.0,127,activity
activity__seq_activity_state_state_4_ratio__rank_slope,0.0,1.0,141,activity
activity__seq_activity_state_state_4_ratio__recent_early,0.0,1.0,129,activity
activity__seq_activity_state_state_4_ratio__std,0.0,1.0,141,activity
activity__seq_activity_state_transition_rate__iqr,0.0,1.0,129,activity
activity__seq_activity_state_transition_rate__mean,0.0,1.0,141,activity
activity__seq_activity_state_transition_rate__median,0.0,1.0,120,activity
activity__seq_activity_state_transition_rate__q10,0.0,1.0,131,activity
activity__seq_activity_state_transition_rate__q90,0.0,1.0,132,activity
activity__seq_activity_state_transition_rate__rank_slope,0.0,1.0,141,activity
activity__seq_activity_state_transition_rate__recent_early,0.0,1.0,127,activity
activity__seq_activity_state_transition_rate__std,0.0,1.0,141,activity
mmse__memory_language_sum,0.0,1.0,13,MMSE
mmse__orientation_sum,0.0,1.0,8,MMSE
mmse__q01,0.0,1.0,2,MMSE
mmse__q02,0.0,1.0,2,MMSE
mmse__q03,0.0,1.0,2,MMSE
mmse__q04,0.0,1.0,2,MMSE
mmse__q05,0.0,1.0,2,MMSE
mmse__q06,0.0,1.0,2,MMSE
mmse__q07,0.0,1.0,2,MMSE
mmse__q08,0.0,1.0,2,MMSE
mmse__q09,0.0,1.0,2,MMSE
mmse__q10,0.0,1.0,2,MMSE
mmse__q11_1,0.0,1.0,1,MMSE
mmse__q11_2,0.0,1.0,1,MMSE
mmse__q11_3,0.0,1.0,1,MMSE
mmse__q12_1,0.0,1.0,2,MMSE
mmse__q12_2,0.0,1.0,2,MMSE
mmse__q12_3,0.0,1.0,2,MMSE
mmse__q12_4,0.0,1.0,2,MMSE
mmse__q12_5,0.0,1.0,2,MMSE
mmse__q12_total,0.0,1.0,1,MMSE
mmse__q13_1,0.0,1.0,2,MMSE
mmse__q13_2,0.0,1.0,2,MMSE
mmse__q13_3,0.0,1.0,2,MMSE
mmse__q14_1,0.0,1.0,2,MMSE
mmse__q14_2,0.0,1.0,1,MMSE
mmse__q15,0.0,1.0,2,MMSE
mmse__q16_1,0.0,1.0,2,MMSE
mmse__q16_2,0.0,1.0,2,MMSE
mmse__q16_3,0.0,1.0,2,MMSE
mmse__q17,0.0,1.0,2,MMSE
mmse__q18,0.0,1.0,2,MMSE
mmse__q19,0.0,1.0,2,MMSE
mmse__total,0.0,1.0,16,MMSE
sleep__clock_bedtime_end_cos__iqr,0.0,1.0,141,sleep
sleep__clock_bedtime_end_cos__mean,0.0,1.0,141,sleep
sleep__clock_bedtime_end_cos__median,0.0,1.0,141,sleep
sleep__clock_bedtime_end_cos__q10,0.0,1.0,141,sleep
sleep__clock_bedtime_end_cos__q90,0.0,1.0,141,sleep
sleep__clock_bedtime_end_cos__rank_slope,0.0,1.0,141,sleep
sleep__clock_bedtime_end_cos__recent_early,0.0,1.0,141,sleep
sleep__clock_bedtime_end_cos__std,0.0,1.0,141,sleep
sleep__clock_bedtime_end_sin__iqr,0.0,1.0,141,sleep
sleep__clock_bedtime_end_sin__mean,0.0,1.0,141,sleep
sleep__clock_bedtime_end_sin__median,0.0,1.0,141,sleep
sleep__clock_bedtime_end_sin__q10,0.0,1.0,141,sleep
sleep__clock_bedtime_end_sin__q90,0.0,1.0,141,sleep
sleep__clock_bedtime_end_sin__rank_slope,0.0,1.0,141,sleep
sleep__clock_bedtime_end_sin__recent_early,0.0,1.0,141,sleep
sleep__clock_bedtime_end_sin__std,0.0,1.0,141,sleep
sleep__clock_bedtime_start_cos__iqr,0.0,1.0,141,sleep
sleep__clock_bedtime_start_cos__mean,0.0,1.0,141,sleep
sleep__clock_bedtime_start_cos__median,0.0,1.0,141,sleep
sleep__clock_bedtime_start_cos__q10,0.0,1.0,141,sleep
sleep__clock_bedtime_start_cos__q90,0.0,1.0,141,sleep
sleep__clock_bedtime_start_cos__rank_slope,0.0,1.0,141,sleep
sleep__clock_bedtime_start_cos__recent_early,0.0,1.0,141,sleep
sleep__clock_bedtime_start_cos__std,0.0,1.0,141,sleep
sleep__clock_bedtime_start_sin__iqr,0.0,1.0,141,sleep
sleep__clock_bedtime_start_sin__mean,0.0,1.0,141,sleep
sleep__clock_bedtime_start_sin__median,0.0,1.0,141,sleep
sleep__clock_bedtime_start_sin__q10,0.0,1.0,141,sleep
sleep__clock_bedtime_start_sin__q90,0.0,1.0,141,sleep
sleep__clock_bedtime_start_sin__rank_slope,0.0,1.0,141,sleep
sleep__clock_bedtime_start_sin__recent_early,0.0,1.0,141,sleep
sleep__clock_bedtime_start_sin__std,0.0,1.0,141,sleep
sleep__scalar_sleep_awake__iqr,0.0,1.0,124,sleep
sleep__scalar_sleep_awake__mean,0.0,1.0,141,sleep
sleep__scalar_sleep_awake__median,0.0,1.0,111,sleep
sleep__scalar_sleep_awake__q10,0.0,1.0,132,sleep
sleep__scalar_sleep_awake__q90,0.0,1.0,139,sleep
sleep__scalar_sleep_awake__rank_slope,0.0,1.0,141,sleep
sleep__scalar_sleep_awake__recent_early,0.0,1.0,110,sleep
sleep__scalar_sleep_awake__std,0.0,1.0,141,sleep
sleep__scalar_sleep_breath_average__iqr,0.0,1.0,31,sleep
sleep__scalar_sleep_breath_average__mean,0.0,1.0,139,sleep
sleep__scalar_sleep_breath_average__median,0.0,1.0,50,sleep
sleep__scalar_sleep_breath_average__q10,0.0,1.0,76,sleep
sleep__scalar_sleep_breath_average__q90,0.0,1.0,70,sleep
sleep__scalar_sleep_breath_average__rank_slope,0.0,1.0,141,sleep
sleep__scalar_sleep_breath_average__recent_early,0.0,1.0,26,sleep
sleep__scalar_sleep_breath_average__std,0.0,1.0,141,sleep
sleep__scalar_sleep_deep__iqr,0.0,1.0,103,sleep
sleep__scalar_sleep_deep__mean,0.0,1.0,141,sleep
sleep__scalar_sleep_deep__median,0.0,1.0,119,sleep
sleep__scalar_sleep_deep__q10,0.0,1.0,134,sleep
sleep__scalar_sleep_deep__q90,0.0,1.0,134,sleep
sleep__scalar_sleep_deep__rank_slope,0.0,1.0,141,sleep
sleep__scalar_sleep_deep__recent_early,0.0,1.0,89,sleep
sleep__scalar_sleep_deep__std,0.0,1.0,141,sleep
sleep__scalar_sleep_duration__iqr,0.0,1.0,121,sleep
sleep__scalar_sleep_duration__mean,0.0,1.0,141,sleep
sleep__scalar_sleep_duration__median,0.0,1.0,120,sleep
sleep__scalar_sleep_duration__q10,0.0,1.0,136,sleep
sleep__scalar_sleep_duration__q90,0.0,1.0,136,sleep
sleep__scalar_sleep_duration__rank_slope,0.0,1.0,141,sleep
sleep__scalar_sleep_duration__recent_early,0.0,1.0,103,sleep
sleep__scalar_sleep_duration__std,0.0,1.0,141,sleep
sleep__scalar_sleep_efficiency__iqr,0.0,1.0,34,sleep
sleep__scalar_sleep_efficiency__mean,0.0,1.0,141,sleep
sleep__scalar_sleep_efficiency__median,0.0,1.0,38,sleep
sleep__scalar_sleep_efficiency__q10,0.0,1.0,82,sleep
sleep__scalar_sleep_efficiency__q90,0.0,1.0,61,sleep
sleep__scalar_sleep_efficiency__rank_slope,0.0,1.0,141,sleep
sleep__scalar_sleep_efficiency__recent_early,0.0,1.0,28,sleep
sleep__scalar_sleep_efficiency__std,0.0,1.0,141,sleep
sleep__scalar_sleep_hr_average__iqr,0.0,1.0,141,sleep
sleep__scalar_sleep_hr_average__mean,0.0,1.0,141,sleep
sleep__scalar_sleep_hr_average__median,0.0,1.0,139,sleep
sleep__scalar_sleep_hr_average__q10,0.0,1.0,141,sleep
sleep__scalar_sleep_hr_average__q90,0.0,1.0,141,sleep
sleep__scalar_sleep_hr_average__rank_slope,0.0,1.0,141,sleep
sleep__scalar_sleep_hr_average__recent_early,0.0,1.0,135,sleep
sleep__scalar_sleep_hr_average__std,0.0,1.0,141,sleep
sleep__scalar_sleep_hr_lowest__iqr,0.0,1.0,19,sleep
sleep__scalar_sleep_hr_lowest__mean,0.0,1.0,140,sleep
sleep__scalar_sleep_hr_lowest__median,0.0,1.0,33,sleep
sleep__scalar_sleep_hr_lowest__q10,0.0,1.0,51,sleep
sleep__scalar_sleep_hr_lowest__q90,0.0,1.0,49,sleep
sleep__scalar_sleep_hr_lowest__rank_slope,0.0,1.0,141,sleep
sleep__scalar_sleep_hr_lowest__recent_early,0.0,1.0,18,sleep
sleep__scalar_sleep_hr_lowest__std,0.0,1.0,141,sleep
sleep__scalar_sleep_light__iqr,0.0,1.0,115,sleep
sleep__scalar_sleep_light__mean,0.0,1.0,141,sleep
sleep__scalar_sleep_light__median,0.0,1.0,125,sleep
sleep__scalar_sleep_light__q10,0.0,1.0,135,sleep
sleep__scalar_sleep_light__q90,0.0,1.0,140,sleep
sleep__scalar_sleep_light__rank_slope,0.0,1.0,141,sleep
sleep__scalar_sleep_light__recent_early,0.0,1.0,109,sleep
sleep__scalar_sleep_light__std,0.0,1.0,141,sleep
sleep__scalar_sleep_midpoint_at_delta__iqr,0.0,1.0,140,sleep
sleep__scalar_sleep_midpoint_at_delta__mean,0.0,1.0,141,sleep
sleep__scalar_sleep_midpoint_at_delta__median,0.0,1.0,141,sleep
sleep__scalar_sleep_midpoint_at_delta__q10,0.0,1.0,141,sleep
sleep__scalar_sleep_midpoint_at_delta__q90,0.0,1.0,141,sleep
sleep__scalar_sleep_midpoint_at_delta__rank_slope,0.0,1.0,141,sleep
sleep__scalar_sleep_midpoint_at_delta__recent_early,0.0,1.0,140,sleep
sleep__scalar_sleep_midpoint_at_delta__std,0.0,1.0,141,sleep
sleep__scalar_sleep_midpoint_time__iqr,0.0,1.0,127,sleep
sleep__scalar_sleep_midpoint_time__mean,0.0,1.0,141,sleep
sleep__scalar_sleep_midpoint_time__median,0.0,1.0,119,sleep
sleep__scalar_sleep_midpoint_time__q10,0.0,1.0,137,sleep
sleep__scalar_sleep_midpoint_time__q90,0.0,1.0,137,sleep
sleep__scalar_sleep_midpoint_time__rank_slope,0.0,1.0,141,sleep
sleep__scalar_sleep_midpoint_time__recent_early,0.0,1.0,106,sleep
sleep__scalar_sleep_midpoint_time__std,0.0,1.0,141,sleep
sleep__scalar_sleep_onset_latency__iqr,0.0,1.0,60,sleep
sleep__scalar_sleep_onset_latency__mean,0.0,1.0,141,sleep
sleep__scalar_sleep_onset_latency__median,0.0,1.0,40,sleep
sleep__scalar_sleep_onset_latency__q10,0.0,1.0,56,sleep
sleep__scalar_sleep_onset_latency__q90,0.0,1.0,105,sleep
sleep__scalar_sleep_onset_latency__rank_slope,0.0,1.0,141,sleep
sleep__scalar_sleep_onset_latency__recent_early,0.0,1.0,42,sleep
sleep__scalar_sleep_onset_latency__std,0.0,1.0,141,sleep
sleep__scalar_sleep_rem__iqr,0.0,1.0,103,sleep
sleep__scalar_sleep_rem__mean,0.0,1.0,141,sleep
sleep__scalar_sleep_rem__median,0.0,1.0,113,sleep
sleep__scalar_sleep_rem__q10,0.0,1.0,131,sleep
sleep__scalar_sleep_rem__q90,0.0,1.0,131,sleep
sleep__scalar_sleep_rem__rank_slope,0.0,1.0,141,sleep
sleep__scalar_sleep_rem__recent_early,0.0,1.0,90,sleep
sleep__scalar_sleep_rem__std,0.0,1.0,141,sleep
sleep__scalar_sleep_restless__iqr,0.0,1.0,38,sleep
sleep__scalar_sleep_restless__mean,0.0,1.0,141,sleep
sleep__scalar_sleep_restless__median,0.0,1.0,54,sleep
sleep__scalar_sleep_restless__q10,0.0,1.0,78,sleep
sleep__scalar_sleep_restless__q90,0.0,1.0,91,sleep
sleep__scalar_sleep_restless__rank_slope,0.0,1.0,141,sleep
sleep__scalar_sleep_restless__recent_early,0.0,1.0,31,sleep
sleep__scalar_sleep_restless__std,0.0,1.0,141,sleep
sleep__scalar_sleep_rmssd__iqr,0.0,1.0,51,sleep
sleep__scalar_sleep_rmssd__mean,0.0,1.0,140,sleep
sleep__scalar_sleep_rmssd__median,0.0,1.0,54,sleep
sleep__scalar_sleep_rmssd__q10,0.0,1.0,67,sleep
sleep__scalar_sleep_rmssd__q90,0.0,1.0,94,sleep
sleep__scalar_sleep_rmssd__rank_slope,0.0,1.0,141,sleep
sleep__scalar_sleep_rmssd__recent_early,0.0,1.0,34,sleep
sleep__scalar_sleep_rmssd__std,0.0,1.0,141,sleep
sleep__scalar_sleep_score__iqr,0.0,1.0,50,sleep
sleep__scalar_sleep_score__mean,0.0,1.0,141,sleep
sleep__scalar_sleep_score__median,0.0,1.0,51,sleep
sleep__scalar_sleep_score__q10,0.0,1.0,94,sleep
sleep__scalar_sleep_score__q90,0.0,1.0,69,sleep
sleep__scalar_sleep_score__rank_slope,0.0,1.0,141,sleep
sleep__scalar_sleep_score__recent_early,0.0,1.0,31,sleep
sleep__scalar_sleep_score__std,0.0,1.0,141,sleep
sleep__scalar_sleep_score_alignment__iqr,0.0,1.0,59,sleep
sleep__scalar_sleep_score_alignment__mean,0.0,1.0,140,sleep
sleep__scalar_sleep_score_alignment__median,0.0,1.0,31,sleep
sleep__scalar_sleep_score_alignment__q10,0.0,1.0,102,sleep
sleep__scalar_sleep_score_alignment__q90,0.0,1.0,6,sleep
sleep__scalar_sleep_score_alignment__rank_slope,0.0,1.0,140,sleep
sleep__scalar_sleep_score_alignment__recent_early,0.0,1.0,39,sleep
sleep__scalar_sleep_score_alignment__std,0.0,1.0,140,sleep
sleep__scalar_sleep_score_deep__iqr,0.0,1.0,74,sleep
sleep__scalar_sleep_score_deep__mean,0.0,1.0,141,sleep
sleep__scalar_sleep_score_deep__median,0.0,1.0,50,sleep
sleep__scalar_sleep_score_deep__q10,0.0,1.0,109,sleep
sleep__scalar_sleep_score_deep__q90,0.0,1.0,39,sleep
sleep__scalar_sleep_score_deep__rank_slope,0.0,1.0,141,sleep
sleep__scalar_sleep_score_deep__recent_early,0.0,1.0,45,sleep
sleep__scalar_sleep_score_deep__std,0.0,1.0,141,sleep
sleep__scalar_sleep_score_disturbances__iqr,0.0,1.0,43,sleep
sleep__scalar_sleep_score_disturbances__mean,0.0,1.0,141,sleep
sleep__scalar_sleep_score_disturbances__median,0.0,1.0,55,sleep
sleep__scalar_sleep_score_disturbances__q10,0.0,1.0,86,sleep
sleep__scalar_sleep_score_disturbances__q90,0.0,1.0,86,sleep
sleep__scalar_sleep_score_disturbances__rank_slope,0.0,1.0,141,sleep
sleep__scalar_sleep_score_disturbances__recent_early,0.0,1.0,29,sleep
sleep__scalar_sleep_score_disturbances__std,0.0,1.0,141,sleep
sleep__scalar_sleep_score_efficiency__iqr,0.0,1.0,55,sleep
sleep__scalar_sleep_score_efficiency__mean,0.0,1.0,141,sleep
sleep__scalar_sleep_score_efficiency__median,0.0,1.0,40,sleep
sleep__scalar_sleep_score_efficiency__q10,0.0,1.0,78,sleep
sleep__scalar_sleep_score_efficiency__q90,0.0,1.0,55,sleep
sleep__scalar_sleep_score_efficiency__rank_slope,0.0,1.0,140,sleep
sleep__scalar_sleep_score_efficiency__recent_early,0.0,1.0,36,sleep
sleep__scalar_sleep_score_efficiency__std,0.0,1.0,141,sleep
sleep__scalar_sleep_score_latency__iqr,0.0,1.0,31,sleep
sleep__scalar_sleep_score_latency__mean,0.0,1.0,141,sleep
sleep__scalar_sleep_score_latency__median,0.0,1.0,17,sleep
sleep__scalar_sleep_score_latency__q10,0.0,1.0,41,sleep
sleep__scalar_sleep_score_latency__q90,0.0,1.0,28,sleep
sleep__scalar_sleep_score_latency__rank_slope,0.0,1.0,141,sleep
sleep__scalar_sleep_score_latency__recent_early,0.0,1.0,30,sleep
sleep__scalar_sleep_score_latency__std,0.0,1.0,141,sleep
sleep__scalar_sleep_score_rem__iqr,0.0,1.0,83,sleep
sleep__scalar_sleep_score_rem__mean,0.0,1.0,141,sleep
sleep__scalar_sleep_score_rem__median,0.0,1.0,89,sleep
sleep__scalar_sleep_score_rem__q10,0.0,1.0,119,sleep
sleep__scalar_sleep_score_rem__q90,0.0,1.0,98,sleep
sleep__scalar_sleep_score_rem__rank_slope,0.0,1.0,141,sleep
sleep__scalar_sleep_score_rem__recent_early,0.0,1.0,62,sleep
sleep__scalar_sleep_score_rem__std,0.0,1.0,141,sleep
sleep__scalar_sleep_score_total__iqr,0.0,1.0,73,sleep
sleep__scalar_sleep_score_total__mean,0.0,1.0,140,sleep
sleep__scalar_sleep_score_total__median,0.0,1.0,70,sleep
sleep__scalar_sleep_score_total__q10,0.0,1.0,112,sleep
sleep__scalar_sleep_score_total__q90,0.0,1.0,86,sleep
sleep__scalar_sleep_score_total__rank_slope,0.0,1.0,141,sleep
sleep__scalar_sleep_score_total__recent_early,0.0,1.0,47,sleep
sleep__scalar_sleep_score_total__std,0.0,1.0,141,sleep
sleep__scalar_sleep_temperature_delta__iqr,0.0,1.0,85,sleep
sleep__scalar_sleep_temperature_delta__mean,0.0,1.0,140,sleep
sleep__scalar_sleep_temperature_delta__median,0.0,1.0,51,sleep
sleep__scalar_sleep_temperature_delta__q10,0.0,1.0,117,sleep
sleep__scalar_sleep_temperature_delta__q90,0.0,1.0,100,sleep
sleep__scalar_sleep_temperature_delta__rank_slope,0.0,1.0,141,sleep
sleep__scalar_sleep_temperature_delta__recent_early,0.0,1.0,85,sleep
sleep__scalar_sleep_temperature_delta__std,0.0,1.0,141,sleep
sleep__scalar_sleep_temperature_deviation__iqr,0.0,1.0,85,sleep
sleep__scalar_sleep_temperature_deviation__mean,0.0,1.0,140,sleep
sleep__scalar_sleep_temperature_deviation__median,0.0,1.0,51,sleep
sleep__scalar_sleep_temperature_deviation__q10,0.0,1.0,117,sleep
sleep__scalar_sleep_temperature_deviation__q90,0.0,1.0,100,sleep
sleep__scalar_sleep_temperature_deviation__rank_slope,0.0,1.0,141,sleep
sleep__scalar_sleep_temperature_deviation__recent_early,0.0,1.0,85,sleep
sleep__scalar_sleep_temperature_deviation__std,0.0,1.0,141,sleep
sleep__scalar_sleep_total__iqr,0.0,1.0,122,sleep
sleep__scalar_sleep_total__mean,0.0,1.0,141,sleep
sleep__scalar_sleep_total__median,0.0,1.0,127,sleep
sleep__scalar_sleep_total__q10,0.0,1.0,138,sleep
sleep__scalar_sleep_total__q90,0.0,1.0,140,sleep
sleep__scalar_sleep_total__rank_slope,0.0,1.0,141,sleep
sleep__scalar_sleep_total__recent_early,0.0,1.0,113,sleep
sleep__scalar_sleep_total__std,0.0,1.0,141,sleep
sleep__seq_sleep_hr_iqr__iqr,0.0,1.0,28,sleep
sleep__seq_sleep_hr_iqr__mean,0.0,1.0,140,sleep
sleep__seq_sleep_hr_iqr__median,0.0,1.0,27,sleep
sleep__seq_sleep_hr_iqr__q10,0.0,1.0,33,sleep
sleep__seq_sleep_hr_iqr__q90,0.0,1.0,45,sleep
sleep__seq_sleep_hr_iqr__rank_slope,0.0,1.0,141,sleep
sleep__seq_sleep_hr_iqr__recent_early,0.0,1.0,22,sleep
sleep__seq_sleep_hr_iqr__std,0.0,1.0,141,sleep
sleep__seq_sleep_hr_low_high_delta__iqr,0.0,1.0,141,sleep
sleep__seq_sleep_hr_low_high_delta__mean,0.0,1.0,141,sleep
sleep__seq_sleep_hr_low_high_delta__median,0.0,1.0,141,sleep
sleep__seq_sleep_hr_low_high_delta__q10,0.0,1.0,141,sleep
sleep__seq_sleep_hr_low_high_delta__q90,0.0,1.0,141,sleep
sleep__seq_sleep_hr_low_high_delta__rank_slope,0.0,1.0,141,sleep
sleep__seq_sleep_hr_low_high_delta__recent_early,0.0,1.0,141,sleep
sleep__seq_sleep_hr_low_high_delta__std,0.0,1.0,141,sleep
sleep__seq_sleep_hr_mean__iqr,0.0,1.0,141,sleep
sleep__seq_sleep_hr_mean__mean,0.0,1.0,141,sleep
sleep__seq_sleep_hr_mean__median,0.0,1.0,141,sleep
sleep__seq_sleep_hr_mean__q10,0.0,1.0,141,sleep
sleep__seq_sleep_hr_mean__q90,0.0,1.0,141,sleep
sleep__seq_sleep_hr_mean__rank_slope,0.0,1.0,141,sleep
sleep__seq_sleep_hr_mean__recent_early,0.0,1.0,141,sleep
sleep__seq_sleep_hr_mean__std,0.0,1.0,141,sleep
sleep__seq_sleep_hr_median__iqr,0.0,1.0,29,sleep
sleep__seq_sleep_hr_median__mean,0.0,1.0,141,sleep
sleep__seq_sleep_hr_median__median,0.0,1.0,40,sleep
sleep__seq_sleep_hr_median__q10,0.0,1.0,54,sleep
sleep__seq_sleep_hr_median__q90,0.0,1.0,77,sleep
sleep__seq_sleep_hr_median__rank_slope,0.0,1.0,141,sleep
sleep__seq_sleep_hr_median__recent_early,0.0,1.0,25,sleep
sleep__seq_sleep_hr_median__std,0.0,1.0,141,sleep
sleep__seq_sleep_hr_q10__iqr,0.0,1.0,53,sleep
sleep__seq_sleep_hr_q10__mean,0.0,1.0,141,sleep
sleep__seq_sleep_hr_q10__median,0.0,1.0,51,sleep
sleep__seq_sleep_hr_q10__q10,0.0,1.0,67,sleep
sleep__seq_sleep_hr_q10__q90,0.0,1.0,71,sleep
sleep__seq_sleep_hr_q10__rank_slope,0.0,1.0,141,sleep
sleep__seq_sleep_hr_q10__recent_early,0.0,1.0,51,sleep
sleep__seq_sleep_hr_q10__std,0.0,1.0,141,sleep
sleep__seq_sleep_hr_q90__iqr,0.0,1.0,62,sleep
sleep__seq_sleep_hr_q90__mean,0.0,1.0,141,sleep
sleep__seq_sleep_hr_q90__median,0.0,1.0,61,sleep
sleep__seq_sleep_hr_q90__q10,0.0,1.0,86,sleep
sleep__seq_sleep_hr_q90__q90,0.0,1.0,99,sleep
sleep__seq_sleep_hr_q90__rank_slope,0.0,1.0,141,sleep
sleep__seq_sleep_hr_q90__recent_early,0.0,1.0,58,sleep
sleep__seq_sleep_hr_q90__std,0.0,1.0,141,sleep
sleep__seq_sleep_hr_std__iqr,0.0,1.0,141,sleep
sleep__seq_sleep_hr_std__mean,0.0,1.0,141,sleep
sleep__seq_sleep_hr_std__median,0.0,1.0,141,sleep
sleep__seq_sleep_hr_std__q10,0.0,1.0,141,sleep
sleep__seq_sleep_hr_std__q90,0.0,1.0,141,sleep
sleep__seq_sleep_hr_std__rank_slope,0.0,1.0,141,sleep
sleep__seq_sleep_hr_std__recent_early,0.0,1.0,141,sleep
sleep__seq_sleep_hr_std__std,0.0,1.0,141,sleep
sleep__seq_sleep_rmssd_iqr__iqr,0.0,1.0,80,sleep
sleep__seq_sleep_rmssd_iqr__mean,0.0,1.0,141,sleep
sleep__seq_sleep_rmssd_iqr__median,0.0,1.0,67,sleep
sleep__seq_sleep_rmssd_iqr__q10,0.0,1.0,70,sleep
sleep__seq_sleep_rmssd_iqr__q90,0.0,1.0,112,sleep
sleep__seq_sleep_rmssd_iqr__rank_slope,0.0,1.0,140,sleep
sleep__seq_sleep_rmssd_iqr__recent_early,0.0,1.0,58,sleep
sleep__seq_sleep_rmssd_iqr__std,0.0,1.0,141,sleep
sleep__seq_sleep_rmssd_low_high_delta__iqr,0.0,1.0,141,sleep
sleep__seq_sleep_rmssd_low_high_delta__mean,0.0,1.0,141,sleep
sleep__seq_sleep_rmssd_low_high_delta__median,0.0,1.0,140,sleep
sleep__seq_sleep_rmssd_low_high_delta__q10,0.0,1.0,141,sleep
sleep__seq_sleep_rmssd_low_high_delta__q90,0.0,1.0,141,sleep
sleep__seq_sleep_rmssd_low_high_delta__rank_slope,0.0,1.0,141,sleep
sleep__seq_sleep_rmssd_low_high_delta__recent_early,0.0,1.0,141,sleep
sleep__seq_sleep_rmssd_low_high_delta__std,0.0,1.0,141,sleep
sleep__seq_sleep_rmssd_mean__iqr,0.0,1.0,141,sleep
sleep__seq_sleep_rmssd_mean__mean,0.0,1.0,141,sleep
sleep__seq_sleep_rmssd_mean__median,0.0,1.0,141,sleep
sleep__seq_sleep_rmssd_mean__q10,0.0,1.0,141,sleep
sleep__seq_sleep_rmssd_mean__q90,0.0,1.0,141,sleep
sleep__seq_sleep_rmssd_mean__rank_slope,0.0,1.0,141,sleep
sleep__seq_sleep_rmssd_mean__recent_early,0.0,1.0,141,sleep
sleep__seq_sleep_rmssd_mean__std,0.0,1.0,141,sleep
sleep__seq_sleep_rmssd_median__iqr,0.0,1.0,65,sleep
sleep__seq_sleep_rmssd_median__mean,0.0,1.0,141,sleep
sleep__seq_sleep_rmssd_median__median,0.0,1.0,69,sleep
sleep__seq_sleep_rmssd_median__q10,0.0,1.0,83,sleep
sleep__seq_sleep_rmssd_median__q90,0.0,1.0,108,sleep
sleep__seq_sleep_rmssd_median__rank_slope,0.0,1.0,141,sleep
sleep__seq_sleep_rmssd_median__recent_early,0.0,1.0,44,sleep
sleep__seq_sleep_rmssd_median__std,0.0,1.0,141,sleep
sleep__seq_sleep_rmssd_q10__iqr,0.0,1.0,92,sleep
sleep__seq_sleep_rmssd_q10__mean,0.0,1.0,141,sleep
sleep__seq_sleep_rmssd_q10__median,0.0,1.0,75,sleep
sleep__seq_sleep_rmssd_q10__q10,0.0,1.0,76,sleep
sleep__seq_sleep_rmssd_q10__q90,0.0,1.0,111,sleep
sleep__seq_sleep_rmssd_q10__rank_slope,0.0,1.0,141,sleep
sleep__seq_sleep_rmssd_q10__recent_early,0.0,1.0,62,sleep
sleep__seq_sleep_rmssd_q10__std,0.0,1.0,141,sleep
sleep__seq_sleep_rmssd_q90__iqr,0.0,1.0,126,sleep
sleep__seq_sleep_rmssd_q90__mean,0.0,1.0,141,sleep
sleep__seq_sleep_rmssd_q90__median,0.0,1.0,119,sleep
sleep__seq_sleep_rmssd_q90__q10,0.0,1.0,125,sleep
sleep__seq_sleep_rmssd_q90__q90,0.0,1.0,136,sleep
sleep__seq_sleep_rmssd_q90__rank_slope,0.0,1.0,141,sleep
sleep__seq_sleep_rmssd_q90__recent_early,0.0,1.0,105,sleep
sleep__seq_sleep_rmssd_q90__std,0.0,1.0,141,sleep
sleep__seq_sleep_rmssd_std__iqr,0.0,1.0,141,sleep
sleep__seq_sleep_rmssd_std__mean,0.0,1.0,141,sleep
sleep__seq_sleep_rmssd_std__median,0.0,1.0,141,sleep
sleep__seq_sleep_rmssd_std__q10,0.0,1.0,141,sleep
sleep__seq_sleep_rmssd_std__q90,0.0,1.0,141,sleep
sleep__seq_sleep_rmssd_std__rank_slope,0.0,1.0,141,sleep
sleep__seq_sleep_rmssd_std__recent_early,0.0,1.0,141,sleep
sleep__seq_sleep_rmssd_std__std,0.0,1.0,141,sleep
sleep__seq_sleep_stage_active_ratio__iqr,0.0,1.0,141,sleep
sleep__seq_sleep_stage_active_ratio__mean,0.0,1.0,141,sleep
sleep__seq_sleep_stage_active_ratio__median,0.0,1.0,133,sleep
sleep__seq_sleep_stage_active_ratio__q10,0.0,1.0,141,sleep
sleep__seq_sleep_stage_active_ratio__q90,0.0,1.0,139,sleep
sleep__seq_sleep_stage_active_ratio__rank_slope,0.0,1.0,141,sleep
sleep__seq_sleep_stage_active_ratio__recent_early,0.0,1.0,141,sleep
sleep__seq_sleep_stage_active_ratio__std,0.0,1.0,141,sleep
sleep__seq_sleep_stage_entropy__iqr,0.0,1.0,141,sleep
sleep__seq_sleep_stage_entropy__mean,0.0,1.0,141,sleep
sleep__seq_sleep_stage_entropy__median,0.0,1.0,141,sleep
sleep__seq_sleep_stage_entropy__q10,0.0,1.0,141,sleep
sleep__seq_sleep_stage_entropy__q90,0.0,1.0,141,sleep
sleep__seq_sleep_stage_entropy__rank_slope,0.0,1.0,141,sleep
sleep__seq_sleep_stage_entropy__recent_early,0.0,1.0,141,sleep
sleep__seq_sleep_stage_entropy__std,0.0,1.0,141,sleep
sleep__seq_sleep_stage_longest_inactive_run__iqr,0.0,1.0,34,sleep
sleep__seq_sleep_stage_longest_inactive_run__mean,0.0,1.0,140,sleep
sleep__seq_sleep_stage_longest_inactive_run__median,0.0,1.0,16,sleep
sleep__seq_sleep_stage_longest_inactive_run__q10,0.0,1.0,15,sleep
sleep__seq_sleep_stage_longest_inactive_run__q90,0.0,1.0,65,sleep
sleep__seq_sleep_stage_longest_inactive_run__rank_slope,0.0,1.0,141,sleep
sleep__seq_sleep_stage_longest_inactive_run__recent_early,0.0,1.0,15,sleep
sleep__seq_sleep_stage_longest_inactive_run__std,0.0,1.0,141,sleep
sleep__seq_sleep_stage_state_1_ratio__iqr,0.0,1.0,141,sleep
sleep__seq_sleep_stage_state_1_ratio__mean,0.0,1.0,141,sleep
sleep__seq_sleep_stage_state_1_ratio__median,0.0,1.0,136,sleep
sleep__seq_sleep_stage_state_1_ratio__q10,0.0,1.0,141,sleep
sleep__seq_sleep_stage_state_1_ratio__q90,0.0,1.0,141,sleep
sleep__seq_sleep_stage_state_1_ratio__rank_slope,0.0,1.0,141,sleep
sleep__seq_sleep_stage_state_1_ratio__recent_early,0.0,1.0,141,sleep
sleep__seq_sleep_stage_state_1_ratio__std,0.0,1.0,141,sleep
sleep__seq_sleep_stage_state_2_ratio__iqr,0.0,1.0,141,sleep
sleep__seq_sleep_stage_state_2_ratio__mean,0.0,1.0,141,sleep
sleep__seq_sleep_stage_state_2_ratio__median,0.0,1.0,133,sleep
sleep__seq_sleep_stage_state_2_ratio__q10,0.0,1.0,141,sleep
sleep__seq_sleep_stage_state_2_ratio__q90,0.0,1.0,139,sleep
sleep__seq_sleep_stage_state_2_ratio__rank_slope,0.0,1.0,141,sleep
sleep__seq_sleep_stage_state_2_ratio__recent_early,0.0,1.0,141,sleep
sleep__seq_sleep_stage_state_2_ratio__std,0.0,1.0,141,sleep
sleep__seq_sleep_stage_state_3_ratio__iqr,0.0,1.0,141,sleep
sleep__seq_sleep_stage_state_3_ratio__mean,0.0,1.0,141,sleep
sleep__seq_sleep_stage_state_3_ratio__median,0.0,1.0,132,sleep
sleep__seq_sleep_stage_state_3_ratio__q10,0.0,1.0,131,sleep
sleep__seq_sleep_stage_state_3_ratio__q90,0.0,1.0,141,sleep
sleep__seq_sleep_stage_state_3_ratio__rank_slope,0.0,1.0,141,sleep
sleep__seq_sleep_stage_state_3_ratio__recent_early,0.0,1.0,139,sleep
sleep__seq_sleep_stage_state_3_ratio__std,0.0,1.0,141,sleep
sleep__seq_sleep_stage_state_4_ratio__iqr,0.0,1.0,141,sleep
sleep__seq_sleep_stage_state_4_ratio__mean,0.0,1.0,141,sleep
sleep__seq_sleep_stage_state_4_ratio__median,0.0,1.0,133,sleep
sleep__seq_sleep_stage_state_4_ratio__q10,0.0,1.0,139,sleep
sleep__seq_sleep_stage_state_4_ratio__q90,0.0,1.0,141,sleep
sleep__seq_sleep_stage_state_4_ratio__rank_slope,0.0,1.0,141,sleep
sleep__seq_sleep_stage_state_4_ratio__recent_early,0.0,1.0,141,sleep
sleep__seq_sleep_stage_state_4_ratio__std,0.0,1.0,141,sleep
sleep__seq_sleep_stage_transition_rate__iqr,0.0,1.0,140,sleep
sleep__seq_sleep_stage_transition_rate__mean,0.0,1.0,141,sleep
sleep__seq_sleep_stage_transition_rate__median,0.0,1.0,131,sleep
sleep__seq_sleep_stage_transition_rate__q10,0.0,1.0,139,sleep
sleep__seq_sleep_stage_transition_rate__q90,0.0,1.0,137,sleep
sleep__seq_sleep_stage_transition_rate__rank_slope,0.0,1.0,141,sleep
sleep__seq_sleep_stage_transition_rate__recent_early,0.0,1.0,141,sleep
sleep__seq_sleep_stage_transition_rate__std,0.0,1.0,141,sleep
