repeat,outer_fold,model,rank,feature
0,0,transformer,0,mmse__q01
0,0,transformer,1,mmse__q02
0,0,transformer,2,mmse__q03
0,0,transformer,3,mmse__q04
0,0,transformer,4,mmse__q05
0,0,transformer,5,mmse__q06
0,0,transformer,6,mmse__q07
0,0,transformer,7,mmse__q08
0,0,transformer,8,mmse__q09
0,0,transformer,9,mmse__q10
0,0,transformer,10,mmse__q12_1
0,0,transformer,11,mmse__q12_2
0,0,transformer,12,mmse__q12_3
0,0,transformer,13,mmse__q12_4
0,0,transformer,14,mmse__q12_5
0,0,transformer,15,mmse__q13_1
0,0,transformer,16,mmse__q13_2
0,0,transformer,17,mmse__q13_3
0,0,transformer,18,mmse__q14_1
0,0,transformer,19,mmse__q15
0,0,transformer,20,mmse__q16_1
0,0,transformer,21,mmse__q16_2
0,0,transformer,22,mmse__q16_3
0,0,transformer,23,mmse__q17
0,0,transformer,24,mmse__q18
0,0,transformer,25,mmse__q19
0,0,transformer,26,mmse__total
0,0,transformer,27,mmse__orientation_sum
0,0,transformer,28,mmse__memory_language_sum
0,0,transformer,29,sleep__scalar_sleep_score_latency__q10
0,0,transformer,30,sleep__seq_sleep_hr_iqr__iqr
0,0,transformer,31,activity__seq_activity_met_q10__q90
0,0,transformer,32,sleep__scalar_sleep_onset_latency__q90
0,0,transformer,33,sleep__scalar_sleep_score_latency__std
0,0,transformer,34,sleep__scalar_sleep_light__median
0,0,transformer,35,sleep__seq_sleep_hr_low_high_delta__q10
0,0,transformer,36,sleep__scalar_sleep_light__q90
0,0,transformer,37,sleep__scalar_sleep_onset_latency__iqr
0,0,transformer,38,sleep__seq_sleep_hr_std__iqr
0,0,transformer,39,sleep__scalar_sleep_onset_latency__mean
0,0,transformer,40,sleep__scalar_sleep_onset_latency__std
0,0,transformer,41,sleep__seq_sleep_stage_entropy__q10
0,0,transformer,42,sleep__scalar_sleep_light__q10
0,0,transformer,43,sleep__seq_sleep_stage_state_2_ratio__q90
0,0,transformer,44,sleep__scalar_sleep_score_latency__mean
0,0,transformer,45,activity__seq_activity_met_median__iqr
0,0,transformer,46,sleep__scalar_sleep_restless__rank_slope
0,0,transformer,47,sleep__scalar_sleep_score_latency__iqr
0,0,transformer,48,sleep__seq_sleep_hr_iqr__q90
0,0,transformer,49,activity__scalar_activity_rest__q10
0,0,transformer,50,sleep__seq_sleep_stage_transition_rate__q10
0,0,transformer,51,sleep__seq_sleep_stage_transition_rate__median
0,0,transformer,52,sleep__seq_sleep_hr_low_high_delta__mean
0,0,transformer,53,sleep__seq_sleep_hr_std__q90
0,0,transformer,54,activity__scalar_activity_rest__median
0,0,transformer,55,sleep__seq_sleep_stage_entropy__mean
0,0,transformer,56,activity__seq_activity_state_state_1_ratio__q10
0,0,transformer,57,sleep__scalar_sleep_midpoint_time__median
0,0,transformer,58,activity__seq_activity_state_state_1_ratio__median
0,0,transformer,59,sleep__scalar_sleep_restless__iqr
0,0,transformer,60,activity__scalar_activity_rest__mean
0,0,transformer,61,sleep__seq_sleep_hr_std__std
0,0,transformer,62,sleep__seq_sleep_stage_state_2_ratio__median
0,0,transformer,63,sleep__seq_sleep_hr_iqr__std
0,0,tabnet,0,mmse__q01
0,0,tabnet,1,mmse__q02
0,0,tabnet,2,mmse__q03
0,0,tabnet,3,mmse__q04
0,0,tabnet,4,mmse__q05
0,0,tabnet,5,mmse__q06
0,0,tabnet,6,mmse__q07
0,0,tabnet,7,mmse__q08
0,0,tabnet,8,mmse__q09
0,0,tabnet,9,mmse__q10
0,0,tabnet,10,mmse__q12_1
0,0,tabnet,11,mmse__q12_2
0,0,tabnet,12,mmse__q12_3
0,0,tabnet,13,mmse__q12_4
0,0,tabnet,14,mmse__q12_5
0,0,tabnet,15,mmse__q13_1
0,0,tabnet,16,mmse__q13_2
0,0,tabnet,17,mmse__q13_3
0,0,tabnet,18,mmse__q14_1
0,0,tabnet,19,mmse__q15
0,0,tabnet,20,mmse__q16_1
0,0,tabnet,21,mmse__q16_2
0,0,tabnet,22,mmse__q16_3
0,0,tabnet,23,mmse__q17
0,0,tabnet,24,mmse__q18
0,0,tabnet,25,mmse__q19
0,0,tabnet,26,mmse__total
0,0,tabnet,27,mmse__orientation_sum
0,0,tabnet,28,mmse__memory_language_sum
0,0,tabnet,29,sleep__scalar_sleep_score_latency__q10
0,0,tabnet,30,sleep__seq_sleep_hr_iqr__iqr
0,0,tabnet,31,activity__seq_activity_met_q10__q90
0,0,tabnet,32,sleep__scalar_sleep_onset_latency__q90
0,0,tabnet,33,sleep__scalar_sleep_score_latency__std
0,0,tabnet,34,sleep__scalar_sleep_light__median
0,0,tabnet,35,sleep__seq_sleep_hr_low_high_delta__q10
0,0,tabnet,36,sleep__scalar_sleep_light__q90
0,0,tabnet,37,sleep__scalar_sleep_onset_latency__iqr
0,0,tabnet,38,sleep__seq_sleep_hr_std__iqr
0,0,tabnet,39,sleep__scalar_sleep_onset_latency__mean
0,0,tabnet,40,sleep__scalar_sleep_onset_latency__std
0,0,tabnet,41,sleep__seq_sleep_stage_entropy__q10
0,0,tabnet,42,sleep__scalar_sleep_light__q10
0,0,tabnet,43,sleep__seq_sleep_stage_state_2_ratio__q90
0,0,tabnet,44,sleep__scalar_sleep_score_latency__mean
0,0,tabnet,45,activity__seq_activity_met_median__iqr
0,0,tabnet,46,sleep__scalar_sleep_restless__rank_slope
0,0,tabnet,47,sleep__scalar_sleep_score_latency__iqr
0,0,tabnet,48,sleep__seq_sleep_hr_iqr__q90
0,0,tabnet,49,activity__scalar_activity_rest__q10
0,0,tabnet,50,sleep__seq_sleep_stage_transition_rate__q10
0,0,tabnet,51,sleep__seq_sleep_stage_transition_rate__median
0,0,tabnet,52,sleep__seq_sleep_hr_low_high_delta__mean
0,0,tabnet,53,sleep__seq_sleep_hr_std__q90
0,0,tabnet,54,activity__scalar_activity_rest__median
0,0,tabnet,55,sleep__seq_sleep_stage_entropy__mean
0,0,tabnet,56,activity__seq_activity_state_state_1_ratio__q10
0,0,tabnet,57,sleep__scalar_sleep_midpoint_time__median
0,0,tabnet,58,activity__seq_activity_state_state_1_ratio__median
0,0,tabnet,59,sleep__scalar_sleep_restless__iqr
0,0,tabnet,60,activity__scalar_activity_rest__mean
0,0,tabnet,61,sleep__seq_sleep_hr_std__std
0,0,tabnet,62,sleep__seq_sleep_stage_state_2_ratio__median
0,0,tabnet,63,sleep__seq_sleep_hr_iqr__std
0,0,tabnet,64,sleep__seq_sleep_hr_iqr__mean
0,0,tabnet,65,sleep__seq_sleep_stage_entropy__std
0,0,tabnet,66,sleep__seq_sleep_hr_std__mean
0,0,tabnet,67,sleep__scalar_sleep_midpoint_at_delta__rank_slope
0,0,tabnet,68,sleep__scalar_sleep_score_disturbances__iqr
0,0,tabnet,69,sleep__seq_sleep_hr_iqr__median
0,0,tabnet,70,sleep__seq_sleep_stage_transition_rate__q90
0,0,tabnet,71,sleep__scalar_sleep_midpoint_time__mean
0,0,tabnet,72,sleep__scalar_sleep_score_deep__recent_early
0,0,tabnet,73,activity__seq_activity_state_transition_rate__std
0,0,tabnet,74,sleep__scalar_sleep_total__median
0,0,tabnet,75,sleep__scalar_sleep_duration__q10
0,0,tabnet,76,sleep__seq_sleep_stage_entropy__iqr
0,0,tabnet,77,sleep__seq_sleep_hr_q90__iqr
0,0,tabnet,78,sleep__scalar_sleep_score_deep__iqr
0,0,tabnet,79,sleep__scalar_sleep_score_deep__rank_slope
0,0,tabnet,80,sleep__clock_bedtime_end_sin__recent_early
0,0,tabnet,81,sleep__scalar_sleep_awake__rank_slope
0,0,tabnet,82,sleep__scalar_sleep_onset_latency__rank_slope
0,0,tabnet,83,sleep__scalar_sleep_restless__std
0,0,tabnet,84,sleep__seq_sleep_stage_entropy__q90
0,0,tabnet,85,sleep__seq_sleep_hr_low_high_delta__iqr
0,0,tabnet,86,activity__scalar_activity_score_meet_daily_targets__mean
0,0,tabnet,87,sleep__scalar_sleep_score_deep__std
0,0,tabnet,88,sleep__scalar_sleep_score_latency__rank_slope
0,0,tabnet,89,sleep__seq_sleep_hr_low_high_delta__std
0,0,tabnet,90,sleep__scalar_sleep_onset_latency__median
0,0,tabnet,91,activity__scalar_activity_score_meet_daily_targets__median
0,0,tabnet,92,activity__scalar_activity_score_meet_daily_targets__q90
0,0,tabnet,93,sleep__scalar_sleep_duration__median
0,0,tabnet,94,sleep__clock_bedtime_start_sin__q90
0,0,tabnet,95,sleep__clock_bedtime_start_sin__mean
0,0,ydf,0,mmse__q01
0,0,ydf,1,mmse__q02
0,0,ydf,2,mmse__q03
0,0,ydf,3,mmse__q04
0,0,ydf,4,mmse__q05
0,0,ydf,5,mmse__q06
0,0,ydf,6,mmse__q07
0,0,ydf,7,mmse__q08
0,0,ydf,8,mmse__q09
0,0,ydf,9,mmse__q10
0,0,ydf,10,mmse__q12_1
0,0,ydf,11,mmse__q12_2
0,0,ydf,12,mmse__q12_3
0,0,ydf,13,mmse__q12_4
0,0,ydf,14,mmse__q12_5
0,0,ydf,15,mmse__q13_1
0,0,ydf,16,mmse__q13_2
0,0,ydf,17,mmse__q13_3
0,0,ydf,18,mmse__q14_1
0,0,ydf,19,mmse__q15
0,0,ydf,20,mmse__q16_1
0,0,ydf,21,mmse__q16_2
0,0,ydf,22,mmse__q16_3
0,0,ydf,23,mmse__q17
0,0,ydf,24,mmse__q18
0,0,ydf,25,mmse__q19
0,0,ydf,26,mmse__total
0,0,ydf,27,mmse__orientation_sum
0,0,ydf,28,mmse__memory_language_sum
0,0,ydf,29,sleep__scalar_sleep_score_latency__q10
0,0,ydf,30,sleep__seq_sleep_hr_iqr__iqr
0,0,ydf,31,activity__seq_activity_met_q10__q90
0,0,ydf,32,sleep__scalar_sleep_onset_latency__q90
0,0,ydf,33,sleep__scalar_sleep_score_latency__std
0,0,ydf,34,sleep__scalar_sleep_light__median
0,0,ydf,35,sleep__seq_sleep_hr_low_high_delta__q10
0,0,ydf,36,sleep__scalar_sleep_light__q90
0,0,ydf,37,sleep__scalar_sleep_onset_latency__iqr
0,0,ydf,38,sleep__seq_sleep_hr_std__iqr
0,0,ydf,39,sleep__scalar_sleep_onset_latency__mean
0,0,ydf,40,sleep__scalar_sleep_onset_latency__std
0,0,ydf,41,sleep__seq_sleep_stage_entropy__q10
0,0,ydf,42,sleep__scalar_sleep_light__q10
0,0,ydf,43,sleep__seq_sleep_stage_state_2_ratio__q90
0,0,ydf,44,sleep__scalar_sleep_score_latency__mean
0,0,ydf,45,activity__seq_activity_met_median__iqr
0,0,ydf,46,sleep__scalar_sleep_restless__rank_slope
0,0,ydf,47,sleep__scalar_sleep_score_latency__iqr
0,0,ydf,48,sleep__seq_sleep_hr_iqr__q90
0,0,ydf,49,activity__scalar_activity_rest__q10
0,0,ydf,50,sleep__seq_sleep_stage_transition_rate__q10
0,0,ydf,51,sleep__seq_sleep_stage_transition_rate__median
0,0,ydf,52,sleep__seq_sleep_hr_low_high_delta__mean
0,0,ydf,53,sleep__seq_sleep_hr_std__q90
0,0,ydf,54,activity__scalar_activity_rest__median
0,0,ydf,55,sleep__seq_sleep_stage_entropy__mean
0,0,ydf,56,activity__seq_activity_state_state_1_ratio__q10
0,0,ydf,57,sleep__scalar_sleep_midpoint_time__median
0,0,ydf,58,activity__seq_activity_state_state_1_ratio__median
0,0,ydf,59,sleep__scalar_sleep_restless__iqr
0,0,ydf,60,activity__scalar_activity_rest__mean
0,0,ydf,61,sleep__seq_sleep_hr_std__std
0,0,ydf,62,sleep__seq_sleep_stage_state_2_ratio__median
0,0,ydf,63,sleep__seq_sleep_hr_iqr__std
0,1,transformer,0,mmse__q01
0,1,transformer,1,mmse__q02
0,1,transformer,2,mmse__q03
0,1,transformer,3,mmse__q04
0,1,transformer,4,mmse__q05
0,1,transformer,5,mmse__q06
0,1,transformer,6,mmse__q07
0,1,transformer,7,mmse__q08
0,1,transformer,8,mmse__q09
0,1,transformer,9,mmse__q10
0,1,transformer,10,mmse__q12_1
0,1,transformer,11,mmse__q12_2
0,1,transformer,12,mmse__q12_3
0,1,transformer,13,mmse__q12_4
0,1,transformer,14,mmse__q12_5
0,1,transformer,15,mmse__q13_1
0,1,transformer,16,mmse__q13_2
0,1,transformer,17,mmse__q13_3
0,1,transformer,18,mmse__q14_1
0,1,transformer,19,mmse__q15
0,1,transformer,20,mmse__q16_1
0,1,transformer,21,mmse__q16_2
0,1,transformer,22,mmse__q16_3
0,1,transformer,23,mmse__q17
0,1,transformer,24,mmse__q18
0,1,transformer,25,mmse__q19
0,1,transformer,26,mmse__total
0,1,transformer,27,mmse__orientation_sum
0,1,transformer,28,mmse__memory_language_sum
0,1,transformer,29,activity__seq_activity_met_q10__q90
0,1,transformer,30,sleep__clock_bedtime_end_sin__rank_slope
0,1,transformer,31,sleep__seq_sleep_stage_entropy__std
0,1,transformer,32,sleep__scalar_sleep_midpoint_at_delta__median
0,1,transformer,33,sleep__scalar_sleep_score_alignment__q10
0,1,transformer,34,sleep__clock_bedtime_end_sin__std
0,1,transformer,35,sleep__scalar_sleep_awake__q90
0,1,transformer,36,sleep__scalar_sleep_score_deep__q10
0,1,transformer,37,sleep__seq_sleep_stage_entropy__q10
0,1,transformer,38,sleep__scalar_sleep_score_deep__iqr
0,1,transformer,39,sleep__scalar_sleep_score_deep__std
0,1,transformer,40,sleep__scalar_sleep_score_alignment__std
0,1,transformer,41,sleep__scalar_sleep_restless__iqr
0,1,transformer,42,sleep__scalar_sleep_midpoint_at_delta__rank_slope
0,1,transformer,43,sleep__scalar_sleep_total__iqr
0,1,transformer,44,sleep__scalar_sleep_restless__std
0,1,transformer,45,sleep__scalar_sleep_score_alignment__mean
0,1,transformer,46,sleep__scalar_sleep_light__std
0,1,transformer,47,sleep__seq_sleep_stage_state_4_ratio__iqr
0,1,transformer,48,activity__scalar_activity_score_meet_daily_targets__q90
0,1,transformer,49,sleep__scalar_sleep_awake__iqr
0,1,transformer,50,sleep__scalar_sleep_awake__mean
0,1,transformer,51,sleep__scalar_sleep_temperature_delta__rank_slope
0,1,transformer,52,sleep__scalar_sleep_awake__median
0,1,transformer,53,sleep__scalar_sleep_score_efficiency__std
0,1,transformer,54,sleep__scalar_sleep_awake__std
0,1,transformer,55,sleep__seq_sleep_stage_longest_inactive_run__iqr
0,1,transformer,56,sleep__scalar_sleep_restless__q90
0,1,transformer,57,sleep__scalar_sleep_score_disturbances__recent_early
0,1,transformer,58,sleep__scalar_sleep_light__iqr
0,1,transformer,59,sleep__scalar_sleep_score__iqr
0,1,transformer,60,sleep__scalar_sleep_score_efficiency__q10
0,1,transformer,61,sleep__scalar_sleep_efficiency__iqr
0,1,transformer,62,sleep__seq_sleep_stage_longest_inactive_run__q90
0,1,transformer,63,sleep__seq_sleep_stage_state_4_ratio__std
0,1,tabnet,0,mmse__q01
0,1,tabnet,1,mmse__q02
0,1,tabnet,2,mmse__q03
0,1,tabnet,3,mmse__q04
0,1,tabnet,4,mmse__q05
0,1,tabnet,5,mmse__q06
0,1,tabnet,6,mmse__q07
0,1,tabnet,7,mmse__q08
0,1,tabnet,8,mmse__q09
0,1,tabnet,9,mmse__q10
0,1,tabnet,10,mmse__q12_1
0,1,tabnet,11,mmse__q12_2
0,1,tabnet,12,mmse__q12_3
0,1,tabnet,13,mmse__q12_4
0,1,tabnet,14,mmse__q12_5
0,1,tabnet,15,mmse__q13_1
0,1,tabnet,16,mmse__q13_2
0,1,tabnet,17,mmse__q13_3
0,1,tabnet,18,mmse__q14_1
0,1,tabnet,19,mmse__q15
0,1,tabnet,20,mmse__q16_1
0,1,tabnet,21,mmse__q16_2
0,1,tabnet,22,mmse__q16_3
0,1,tabnet,23,mmse__q17
0,1,tabnet,24,mmse__q18
0,1,tabnet,25,mmse__q19
0,1,tabnet,26,mmse__total
0,1,tabnet,27,mmse__orientation_sum
0,1,tabnet,28,mmse__memory_language_sum
0,1,tabnet,29,activity__seq_activity_met_q10__q90
0,1,tabnet,30,sleep__clock_bedtime_end_sin__rank_slope
0,1,tabnet,31,sleep__seq_sleep_stage_entropy__std
0,1,tabnet,32,sleep__scalar_sleep_midpoint_at_delta__median
0,1,tabnet,33,sleep__scalar_sleep_score_alignment__q10
0,1,tabnet,34,sleep__clock_bedtime_end_sin__std
0,1,tabnet,35,sleep__scalar_sleep_awake__q90
0,1,tabnet,36,sleep__scalar_sleep_score_deep__q10
0,1,tabnet,37,sleep__seq_sleep_stage_entropy__q10
0,1,tabnet,38,sleep__scalar_sleep_score_deep__iqr
0,1,tabnet,39,sleep__scalar_sleep_score_deep__std
0,1,tabnet,40,sleep__scalar_sleep_score_alignment__std
0,1,tabnet,41,sleep__scalar_sleep_restless__iqr
0,1,tabnet,42,sleep__scalar_sleep_midpoint_at_delta__rank_slope
0,1,tabnet,43,sleep__scalar_sleep_total__iqr
0,1,tabnet,44,sleep__scalar_sleep_restless__std
0,1,tabnet,45,sleep__scalar_sleep_score_alignment__mean
0,1,tabnet,46,sleep__scalar_sleep_light__std
0,1,tabnet,47,sleep__seq_sleep_stage_state_4_ratio__iqr
0,1,tabnet,48,activity__scalar_activity_score_meet_daily_targets__q90
0,1,tabnet,49,sleep__scalar_sleep_awake__iqr
0,1,tabnet,50,sleep__scalar_sleep_awake__mean
0,1,tabnet,51,sleep__scalar_sleep_temperature_delta__rank_slope
0,1,tabnet,52,sleep__scalar_sleep_awake__median
0,1,tabnet,53,sleep__scalar_sleep_score_efficiency__std
0,1,tabnet,54,sleep__scalar_sleep_awake__std
0,1,tabnet,55,sleep__seq_sleep_stage_longest_inactive_run__iqr
0,1,tabnet,56,sleep__scalar_sleep_restless__q90
0,1,tabnet,57,sleep__scalar_sleep_score_disturbances__recent_early
0,1,tabnet,58,sleep__scalar_sleep_light__iqr
0,1,tabnet,59,sleep__scalar_sleep_score__iqr
0,1,tabnet,60,sleep__scalar_sleep_score_efficiency__q10
0,1,tabnet,61,sleep__scalar_sleep_efficiency__iqr
0,1,tabnet,62,sleep__seq_sleep_stage_longest_inactive_run__q90
0,1,tabnet,63,sleep__seq_sleep_stage_state_4_ratio__std
0,1,tabnet,64,sleep__seq_sleep_stage_longest_inactive_run__mean
0,1,tabnet,65,sleep__scalar_sleep_restless__recent_early
0,1,tabnet,66,activity__scalar_activity_score_recovery_time__recent_early
0,1,tabnet,67,sleep__scalar_sleep_midpoint_time__iqr
0,1,tabnet,68,sleep__scalar_sleep_light__q90
0,1,tabnet,69,sleep__scalar_sleep_restless__median
0,1,tabnet,70,sleep__clock_bedtime_start_sin__recent_early
0,1,tabnet,71,sleep__scalar_sleep_midpoint_time__std
0,1,tabnet,72,sleep__clock_bedtime_end_sin__recent_early
0,1,tabnet,73,sleep__scalar_sleep_duration__std
0,1,tabnet,74,sleep__scalar_sleep_midpoint_time__q90
0,1,tabnet,75,sleep__seq_sleep_stage_entropy__iqr
0,1,tabnet,76,sleep__clock_bedtime_start_sin__q10
0,1,tabnet,77,sleep__scalar_sleep_score_alignment__iqr
0,1,tabnet,78,activity__scalar_activity_score_training_frequency__q90
0,1,tabnet,79,sleep__seq_sleep_stage_transition_rate__std
0,1,tabnet,80,sleep__seq_sleep_stage_longest_inactive_run__q10
0,1,tabnet,81,activity__scalar_activity_score_training_volume__q90
0,1,tabnet,82,sleep__scalar_sleep_score_latency__rank_slope
0,1,tabnet,83,sleep__scalar_sleep_score__std
0,1,tabnet,84,sleep__seq_sleep_stage_state_2_ratio__q90
0,1,tabnet,85,sleep__seq_sleep_hr_q10__std
0,1,tabnet,86,activity__scalar_activity_score__q90
0,1,tabnet,87,activity__seq_activity_state_state_1_ratio__recent_early
0,1,tabnet,88,sleep__scalar_sleep_total__recent_early
0,1,tabnet,89,sleep__clock_bedtime_start_cos__rank_slope
0,1,tabnet,90,sleep__scalar_sleep_score_alignment__median
0,1,tabnet,91,sleep__scalar_sleep_score_efficiency__iqr
0,1,tabnet,92,sleep__scalar_sleep_midpoint_at_delta__q10
0,1,tabnet,93,sleep__scalar_sleep_deep__q10
0,1,tabnet,94,sleep__scalar_sleep_score_alignment__recent_early
0,1,tabnet,95,sleep__clock_bedtime_end_sin__mean
0,1,ydf,0,mmse__q01
0,1,ydf,1,mmse__q02
0,1,ydf,2,mmse__q03
0,1,ydf,3,mmse__q04
0,1,ydf,4,mmse__q05
0,1,ydf,5,mmse__q06
0,1,ydf,6,mmse__q07
0,1,ydf,7,mmse__q08
0,1,ydf,8,mmse__q09
0,1,ydf,9,mmse__q10
0,1,ydf,10,mmse__q12_1
0,1,ydf,11,mmse__q12_2
0,1,ydf,12,mmse__q12_3
0,1,ydf,13,mmse__q12_4
0,1,ydf,14,mmse__q12_5
0,1,ydf,15,mmse__q13_1
0,1,ydf,16,mmse__q13_2
0,1,ydf,17,mmse__q13_3
0,1,ydf,18,mmse__q14_1
0,1,ydf,19,mmse__q15
0,1,ydf,20,mmse__q16_1
0,1,ydf,21,mmse__q16_2
0,1,ydf,22,mmse__q16_3
0,1,ydf,23,mmse__q17
0,1,ydf,24,mmse__q18
0,1,ydf,25,mmse__q19
0,1,ydf,26,mmse__total
0,1,ydf,27,mmse__orientation_sum
0,1,ydf,28,mmse__memory_language_sum
0,1,ydf,29,activity__seq_activity_met_q10__q90
0,1,ydf,30,sleep__clock_bedtime_end_sin__rank_slope
0,1,ydf,31,sleep__seq_sleep_stage_entropy__std
0,1,ydf,32,sleep__scalar_sleep_midpoint_at_delta__median
0,1,ydf,33,sleep__scalar_sleep_score_alignment__q10
0,1,ydf,34,sleep__clock_bedtime_end_sin__std
0,1,ydf,35,sleep__scalar_sleep_awake__q90
0,1,ydf,36,sleep__scalar_sleep_score_deep__q10
0,1,ydf,37,sleep__seq_sleep_stage_entropy__q10
0,1,ydf,38,sleep__scalar_sleep_score_deep__iqr
0,1,ydf,39,sleep__scalar_sleep_score_deep__std
0,1,ydf,40,sleep__scalar_sleep_score_alignment__std
0,1,ydf,41,sleep__scalar_sleep_restless__iqr
0,1,ydf,42,sleep__scalar_sleep_midpoint_at_delta__rank_slope
0,1,ydf,43,sleep__scalar_sleep_total__iqr
0,1,ydf,44,sleep__scalar_sleep_restless__std
0,1,ydf,45,sleep__scalar_sleep_score_alignment__mean
0,1,ydf,46,sleep__scalar_sleep_light__std
0,1,ydf,47,sleep__seq_sleep_stage_state_4_ratio__iqr
0,1,ydf,48,activity__scalar_activity_score_meet_daily_targets__q90
0,1,ydf,49,sleep__scalar_sleep_awake__iqr
0,1,ydf,50,sleep__scalar_sleep_awake__mean
0,1,ydf,51,sleep__scalar_sleep_temperature_delta__rank_slope
0,1,ydf,52,sleep__scalar_sleep_awake__median
0,1,ydf,53,sleep__scalar_sleep_score_efficiency__std
0,1,ydf,54,sleep__scalar_sleep_awake__std
0,1,ydf,55,sleep__seq_sleep_stage_longest_inactive_run__iqr
0,1,ydf,56,sleep__scalar_sleep_restless__q90
0,1,ydf,57,sleep__scalar_sleep_score_disturbances__recent_early
0,1,ydf,58,sleep__scalar_sleep_light__iqr
0,1,ydf,59,sleep__scalar_sleep_score__iqr
0,1,ydf,60,sleep__scalar_sleep_score_efficiency__q10
0,1,ydf,61,sleep__scalar_sleep_efficiency__iqr
0,1,ydf,62,sleep__seq_sleep_stage_longest_inactive_run__q90
0,1,ydf,63,sleep__seq_sleep_stage_state_4_ratio__std
0,1,ydf,64,sleep__seq_sleep_stage_longest_inactive_run__mean
0,1,ydf,65,sleep__scalar_sleep_restless__recent_early
0,1,ydf,66,activity__scalar_activity_score_recovery_time__recent_early
0,1,ydf,67,sleep__scalar_sleep_midpoint_time__iqr
0,1,ydf,68,sleep__scalar_sleep_light__q90
0,1,ydf,69,sleep__scalar_sleep_restless__median
0,1,ydf,70,sleep__clock_bedtime_start_sin__recent_early
0,1,ydf,71,sleep__scalar_sleep_midpoint_time__std
0,1,ydf,72,sleep__clock_bedtime_end_sin__recent_early
0,1,ydf,73,sleep__scalar_sleep_duration__std
0,1,ydf,74,sleep__scalar_sleep_midpoint_time__q90
0,1,ydf,75,sleep__seq_sleep_stage_entropy__iqr
0,1,ydf,76,sleep__clock_bedtime_start_sin__q10
0,1,ydf,77,sleep__scalar_sleep_score_alignment__iqr
0,1,ydf,78,activity__scalar_activity_score_training_frequency__q90
0,1,ydf,79,sleep__seq_sleep_stage_transition_rate__std
0,1,ydf,80,sleep__seq_sleep_stage_longest_inactive_run__q10
0,1,ydf,81,activity__scalar_activity_score_training_volume__q90
0,1,ydf,82,sleep__scalar_sleep_score_latency__rank_slope
0,1,ydf,83,sleep__scalar_sleep_score__std
0,1,ydf,84,sleep__seq_sleep_stage_state_2_ratio__q90
0,1,ydf,85,sleep__seq_sleep_hr_q10__std
0,1,ydf,86,activity__scalar_activity_score__q90
0,1,ydf,87,activity__seq_activity_state_state_1_ratio__recent_early
0,1,ydf,88,sleep__scalar_sleep_total__recent_early
0,1,ydf,89,sleep__clock_bedtime_start_cos__rank_slope
0,1,ydf,90,sleep__scalar_sleep_score_alignment__median
0,1,ydf,91,sleep__scalar_sleep_score_efficiency__iqr
0,1,ydf,92,sleep__scalar_sleep_midpoint_at_delta__q10
0,1,ydf,93,sleep__scalar_sleep_deep__q10
0,1,ydf,94,sleep__scalar_sleep_score_alignment__recent_early
0,1,ydf,95,sleep__clock_bedtime_end_sin__mean
0,1,ydf,96,sleep__clock_bedtime_end_cos__median
0,1,ydf,97,sleep__scalar_sleep_score_deep__mean
0,1,ydf,98,sleep__scalar_sleep_hr_lowest__std
0,1,ydf,99,sleep__clock_bedtime_end_cos__q10
0,1,ydf,100,sleep__scalar_sleep_rem__recent_early
0,1,ydf,101,sleep__scalar_sleep_duration__recent_early
0,1,ydf,102,sleep__scalar_sleep_duration__q90
0,1,ydf,103,sleep__clock_bedtime_start_cos__iqr
0,1,ydf,104,sleep__scalar_sleep_midpoint_time__median
0,1,ydf,105,sleep__seq_sleep_stage_state_4_ratio__mean
0,1,ydf,106,sleep__scalar_sleep_duration__iqr
0,1,ydf,107,sleep__seq_sleep_stage_transition_rate__iqr
0,1,ydf,108,activity__scalar_activity_rest__median
0,1,ydf,109,activity__scalar_activity_score_training_volume__median
0,1,ydf,110,sleep__seq_sleep_stage_state_1_ratio__q10
0,1,ydf,111,sleep__scalar_sleep_total__std
0,1,ydf,112,activity__seq_activity_state_state_3_ratio__q10
0,1,ydf,113,sleep__scalar_sleep_score_latency__iqr
0,1,ydf,114,activity__scalar_activity_low__q10
0,1,ydf,115,sleep__clock_bedtime_start_sin__median
0,1,ydf,116,sleep__scalar_sleep_light__median
0,1,ydf,117,sleep__scalar_sleep_rem__std
0,1,ydf,118,sleep__scalar_sleep_score_rem__recent_early
0,1,ydf,119,activity__seq_activity_state_entropy__median
0,1,ydf,120,sleep__scalar_sleep_score_latency__recent_early
0,1,ydf,121,activity__scalar_activity_met_min_high__median
0,1,ydf,122,activity__scalar_activity_low__median
0,1,ydf,123,activity__scalar_activity_high__median
0,1,ydf,124,sleep__scalar_sleep_score_disturbances__std
0,1,ydf,125,activity__seq_activity_met_iqr__q10
0,1,ydf,126,sleep__scalar_sleep_score_disturbances__q10
0,1,ydf,127,activity__seq_activity_met_median__median
0,1,ydf,128,activity__seq_activity_state_state_4_ratio__iqr
0,1,ydf,129,sleep__scalar_sleep_score_disturbances__rank_slope
0,1,ydf,130,sleep__scalar_sleep_score_deep__median
0,1,ydf,131,sleep__clock_bedtime_start_sin__mean
0,1,ydf,132,activity__seq_activity_state_state_2_ratio__recent_early
0,1,ydf,133,activity__scalar_activity_score_training_volume__mean
0,1,ydf,134,sleep__seq_sleep_stage_state_1_ratio__median
0,1,ydf,135,sleep__scalar_sleep_temperature_delta__recent_early
0,1,ydf,136,sleep__clock_bedtime_end_cos__q90
0,1,ydf,137,activity__seq_activity_state_state_3_ratio__median
0,1,ydf,138,activity__seq_activity_state_longest_inactive_run__iqr
0,1,ydf,139,sleep__seq_sleep_stage_state_2_ratio__std
0,1,ydf,140,activity__seq_activity_state_longest_inactive_run__std
0,1,ydf,141,activity__seq_activity_state_entropy__q90
0,1,ydf,142,sleep__scalar_sleep_deep__median
0,1,ydf,143,activity__seq_activity_state_state_1_ratio__mean
0,1,ydf,144,activity__seq_activity_met_low_high_delta__q90
0,1,ydf,145,sleep__clock_bedtime_start_sin__q90
0,1,ydf,146,activity__scalar_activity_score_move_every_hour__q10
0,1,ydf,147,activity__scalar_activity_rest__q90
0,1,ydf,148,sleep__seq_sleep_stage_entropy__mean
0,1,ydf,149,activity__scalar_activity_score_stay_active__recent_early
0,1,ydf,150,sleep__scalar_sleep_midpoint_time__mean
0,1,ydf,151,sleep__scalar_sleep_score__q10
0,1,ydf,152,sleep__scalar_sleep_awake__q10
0,1,ydf,153,activity__seq_activity_met_q10__rank_slope
0,1,ydf,154,activity__scalar_activity_daily_movement__recent_early
0,1,ydf,155,activity__scalar_activity_met_min_low__q10
0,1,ydf,156,sleep__scalar_sleep_score_latency__q10
0,1,ydf,157,activity__seq_activity_state_active_ratio__q90
0,1,ydf,158,activity__scalar_activity_rest__std
0,1,ydf,159,sleep__clock_bedtime_start_sin__std
0,1,ydf,160,activity__seq_activity_state_active_ratio__mean
0,1,ydf,161,activity__scalar_activity_rest__q10
0,1,ydf,162,activity__scalar_activity_steps__recent_early
0,1,ydf,163,sleep__scalar_sleep_onset_latency__q90
0,1,ydf,164,activity__scalar_activity_total__iqr
0,1,ydf,165,sleep__clock_bedtime_end_sin__q10
0,1,ydf,166,activity__scalar_activity_score_meet_daily_targets__mean
0,1,ydf,167,sleep__seq_sleep_hr_median__std
0,1,ydf,168,sleep__scalar_sleep_score_latency__std
0,1,ydf,169,activity__scalar_activity_inactivity_alerts__q90
0,1,ydf,170,activity__scalar_activity_low__q90
0,1,ydf,171,sleep__scalar_sleep_score_efficiency__median
0,1,ydf,172,activity__seq_activity_state_state_3_ratio__q90
0,1,ydf,173,activity__seq_activity_state_state_1_ratio__q90
0,1,ydf,174,sleep__seq_sleep_stage_longest_inactive_run__std
0,1,ydf,175,sleep__scalar_sleep_score_alignment__rank_slope
0,1,ydf,176,sleep__clock_bedtime_end_sin__iqr
0,1,ydf,177,sleep__scalar_sleep_restless__q10
0,1,ydf,178,sleep__seq_sleep_stage_entropy__recent_early
0,1,ydf,179,sleep__scalar_sleep_midpoint_time__rank_slope
0,1,ydf,180,sleep__seq_sleep_rmssd_q10__mean
0,1,ydf,181,activity__scalar_activity_met_min_low__mean
0,1,ydf,182,activity__scalar_activity_inactivity_alerts__std
0,1,ydf,183,activity__scalar_activity_inactivity_alerts__mean
0,1,ydf,184,activity__scalar_activity_met_min_inactive__median
0,1,ydf,185,activity__scalar_activity_score_meet_daily_targets__median
0,1,ydf,186,sleep__scalar_sleep_midpoint_at_delta__mean
0,1,ydf,187,sleep__scalar_sleep_score_total__std
0,1,ydf,188,activity__scalar_activity_steps__iqr
0,1,ydf,189,activity__seq_activity_met_iqr__mean
0,1,ydf,190,activity__scalar_activity_total__q90
0,1,ydf,191,activity__seq_activity_met_q10__iqr
0,2,transformer,0,mmse__q01
0,2,transformer,1,mmse__q02
0,2,transformer,2,mmse__q03
0,2,transformer,3,mmse__q04
0,2,transformer,4,mmse__q05
0,2,transformer,5,mmse__q08
0,2,transformer,6,mmse__q09
0,2,transformer,7,mmse__q10
0,2,transformer,8,mmse__q12_1
0,2,transformer,9,mmse__q12_2
0,2,transformer,10,mmse__q12_3
0,2,transformer,11,mmse__q12_4
0,2,transformer,12,mmse__q12_5
0,2,transformer,13,mmse__q13_1
0,2,transformer,14,mmse__q13_2
0,2,transformer,15,mmse__q13_3
0,2,transformer,16,mmse__q14_1
0,2,transformer,17,mmse__q15
0,2,transformer,18,mmse__q16_1
0,2,transformer,19,mmse__q16_2
0,2,transformer,20,mmse__q16_3
0,2,transformer,21,mmse__q17
0,2,transformer,22,mmse__q18
0,2,transformer,23,mmse__q19
0,2,transformer,24,mmse__total
0,2,transformer,25,mmse__orientation_sum
0,2,transformer,26,mmse__memory_language_sum
0,2,transformer,27,activity__scalar_activity_score_meet_daily_targets__q90
0,2,transformer,28,sleep__scalar_sleep_light__q90
0,2,transformer,29,sleep__scalar_sleep_light__mean
0,2,transformer,30,sleep__scalar_sleep_score_latency__q10
0,2,transformer,31,activity__seq_activity_state_state_1_ratio__mean
0,2,transformer,32,sleep__scalar_sleep_score_latency__mean
0,2,transformer,33,activity__seq_activity_state_state_1_ratio__q10
0,2,transformer,34,activity__scalar_activity_rest__median
0,2,transformer,35,sleep__scalar_sleep_duration__mean
0,2,transformer,36,sleep__scalar_sleep_light__q10
0,2,transformer,37,activity__scalar_activity_score_meet_daily_targets__median
0,2,transformer,38,activity__scalar_activity_rest__q10
0,2,transformer,39,sleep__scalar_sleep_duration__q90
0,2,transformer,40,activity__scalar_activity_score_meet_daily_targets__mean
0,2,transformer,41,activity__seq_activity_state_state_1_ratio__q90
0,2,transformer,42,sleep__scalar_sleep_midpoint_time__q90
0,2,transformer,43,sleep__scalar_sleep_duration__median
0,2,transformer,44,sleep__scalar_sleep_midpoint_time__median
0,2,transformer,45,activity__seq_activity_state_entropy__q90
0,2,transformer,46,activity__scalar_activity_rest__q90
0,2,transformer,47,activity__seq_activity_met_median__mean
0,2,transformer,48,activity__seq_activity_state_active_ratio__q90
0,2,transformer,49,sleep__scalar_sleep_midpoint_at_delta__median
0,2,transformer,50,sleep__scalar_sleep_total__q90
0,2,transformer,51,activity__scalar_activity_low__std
0,2,transformer,52,sleep__scalar_sleep_total__median
0,2,transformer,53,activity__scalar_activity_met_min_low__std
0,2,transformer,54,activity__seq_activity_met_median__median
0,2,transformer,55,activity__seq_activity_state_transition_rate__q90
0,2,transformer,56,sleep__seq_sleep_stage_entropy__iqr
0,2,transformer,57,activity__scalar_activity_low__q90
0,2,transformer,58,activity__scalar_activity_score__q90
0,2,transformer,59,activity__seq_activity_state_entropy__mean
0,2,transformer,60,activity__seq_activity_met_median__q10
0,2,transformer,61,sleep__clock_bedtime_end_sin__std
0,2,transformer,62,activity__scalar_activity_total__q90
0,2,transformer,63,activity__scalar_activity_total__std
0,2,transformer,64,activity__seq_activity_state_state_3_ratio__q90
0,2,transformer,65,activity__seq_activity_state_transition_rate__mean
0,2,transformer,66,activity__scalar_activity_total__iqr
0,2,transformer,67,sleep__scalar_sleep_onset_latency__iqr
0,2,transformer,68,activity__scalar_activity_low__iqr
0,2,transformer,69,activity__seq_activity_state_active_ratio__iqr
0,2,transformer,70,sleep__scalar_sleep_onset_latency__q90
0,2,transformer,71,sleep__scalar_sleep_light__std
0,2,transformer,72,activity__seq_activity_state_entropy__q10
0,2,transformer,73,sleep__scalar_sleep_score_latency__recent_early
0,2,transformer,74,activity__seq_activity_state_active_ratio__mean
0,2,transformer,75,activity__scalar_activity_met_min_low__q90
0,2,transformer,76,activity__seq_activity_state_active_ratio__std
0,2,transformer,77,sleep__scalar_sleep_duration__q10
0,2,transformer,78,sleep__scalar_sleep_score_latency__std
0,2,transformer,79,sleep__scalar_sleep_score_alignment__recent_early
0,2,transformer,80,sleep__clock_bedtime_end_cos__q90
0,2,transformer,81,activity__scalar_activity_low__mean
0,2,transformer,82,activity__scalar_activity_total__mean
0,2,transformer,83,activity__scalar_activity_average_met__q90
0,2,transformer,84,activity__scalar_activity_score_training_volume__q90
0,2,transformer,85,sleep__scalar_sleep_awake__q90
0,2,transformer,86,sleep__seq_sleep_stage_entropy__std
0,2,transformer,87,activity__seq_activity_state_state_3_ratio__mean
0,2,transformer,88,sleep__scalar_sleep_midpoint_at_delta__rank_slope
0,2,transformer,89,activity__seq_activity_state_state_3_ratio__std
0,2,transformer,90,sleep__scalar_sleep_awake__std
0,2,transformer,91,activity__scalar_activity_score__mean
0,2,transformer,92,sleep__seq_sleep_stage_longest_inactive_run__iqr
0,2,transformer,93,activity__scalar_activity_average_met__mean
0,2,transformer,94,sleep__seq_sleep_stage_entropy__q10
0,2,transformer,95,sleep__clock_bedtime_end_sin__rank_slope
0,2,tabnet,0,mmse__q01
0,2,tabnet,1,mmse__q02
0,2,tabnet,2,mmse__q03
0,2,tabnet,3,mmse__q04
0,2,tabnet,4,mmse__q05
0,2,tabnet,5,mmse__q08
0,2,tabnet,6,mmse__q09
0,2,tabnet,7,mmse__q10
0,2,tabnet,8,mmse__q12_1
0,2,tabnet,9,mmse__q12_2
0,2,tabnet,10,mmse__q12_3
0,2,tabnet,11,mmse__q12_4
0,2,tabnet,12,mmse__q12_5
0,2,tabnet,13,mmse__q13_1
0,2,tabnet,14,mmse__q13_2
0,2,tabnet,15,mmse__q13_3
0,2,tabnet,16,mmse__q14_1
0,2,tabnet,17,mmse__q15
0,2,tabnet,18,mmse__q16_1
0,2,tabnet,19,mmse__q16_2
0,2,tabnet,20,mmse__q16_3
0,2,tabnet,21,mmse__q17
0,2,tabnet,22,mmse__q18
0,2,tabnet,23,mmse__q19
0,2,tabnet,24,mmse__total
0,2,tabnet,25,mmse__orientation_sum
0,2,tabnet,26,mmse__memory_language_sum
0,2,tabnet,27,activity__scalar_activity_score_meet_daily_targets__q90
0,2,tabnet,28,sleep__scalar_sleep_light__q90
0,2,tabnet,29,sleep__scalar_sleep_light__mean
0,2,tabnet,30,sleep__scalar_sleep_score_latency__q10
0,2,tabnet,31,activity__seq_activity_state_state_1_ratio__mean
0,2,tabnet,32,sleep__scalar_sleep_score_latency__mean
0,2,tabnet,33,activity__seq_activity_state_state_1_ratio__q10
0,2,tabnet,34,activity__scalar_activity_rest__median
0,2,tabnet,35,sleep__scalar_sleep_duration__mean
0,2,tabnet,36,sleep__scalar_sleep_light__q10
0,2,tabnet,37,activity__scalar_activity_score_meet_daily_targets__median
0,2,tabnet,38,activity__scalar_activity_rest__q10
0,2,tabnet,39,sleep__scalar_sleep_duration__q90
0,2,tabnet,40,activity__scalar_activity_score_meet_daily_targets__mean
0,2,tabnet,41,activity__seq_activity_state_state_1_ratio__q90
0,2,tabnet,42,sleep__scalar_sleep_midpoint_time__q90
0,2,tabnet,43,sleep__scalar_sleep_duration__median
0,2,tabnet,44,sleep__scalar_sleep_midpoint_time__median
0,2,tabnet,45,activity__seq_activity_state_entropy__q90
0,2,tabnet,46,activity__scalar_activity_rest__q90
0,2,tabnet,47,activity__seq_activity_met_median__mean
0,2,tabnet,48,activity__seq_activity_state_active_ratio__q90
0,2,tabnet,49,sleep__scalar_sleep_midpoint_at_delta__median
0,2,tabnet,50,sleep__scalar_sleep_total__q90
0,2,tabnet,51,activity__scalar_activity_low__std
0,2,tabnet,52,sleep__scalar_sleep_total__median
0,2,tabnet,53,activity__scalar_activity_met_min_low__std
0,2,tabnet,54,activity__seq_activity_met_median__median
0,2,tabnet,55,activity__seq_activity_state_transition_rate__q90
0,2,tabnet,56,sleep__seq_sleep_stage_entropy__iqr
0,2,tabnet,57,activity__scalar_activity_low__q90
0,2,tabnet,58,activity__scalar_activity_score__q90
0,2,tabnet,59,activity__seq_activity_state_entropy__mean
0,2,tabnet,60,activity__seq_activity_met_median__q10
0,2,tabnet,61,sleep__clock_bedtime_end_sin__std
0,2,tabnet,62,activity__scalar_activity_total__q90
0,2,tabnet,63,activity__scalar_activity_total__std
0,2,tabnet,64,activity__seq_activity_state_state_3_ratio__q90
0,2,tabnet,65,activity__seq_activity_state_transition_rate__mean
0,2,tabnet,66,activity__scalar_activity_total__iqr
0,2,tabnet,67,sleep__scalar_sleep_onset_latency__iqr
0,2,tabnet,68,activity__scalar_activity_low__iqr
0,2,tabnet,69,activity__seq_activity_state_active_ratio__iqr
0,2,tabnet,70,sleep__scalar_sleep_onset_latency__q90
0,2,tabnet,71,sleep__scalar_sleep_light__std
0,2,tabnet,72,activity__seq_activity_state_entropy__q10
0,2,tabnet,73,sleep__scalar_sleep_score_latency__recent_early
0,2,tabnet,74,activity__seq_activity_state_active_ratio__mean
0,2,tabnet,75,activity__scalar_activity_met_min_low__q90
0,2,tabnet,76,activity__seq_activity_state_active_ratio__std
0,2,tabnet,77,sleep__scalar_sleep_duration__q10
0,2,tabnet,78,sleep__scalar_sleep_score_latency__std
0,2,tabnet,79,sleep__scalar_sleep_score_alignment__recent_early
0,2,tabnet,80,sleep__clock_bedtime_end_cos__q90
0,2,tabnet,81,activity__scalar_activity_low__mean
0,2,tabnet,82,activity__scalar_activity_total__mean
0,2,tabnet,83,activity__scalar_activity_average_met__q90
0,2,tabnet,84,activity__scalar_activity_score_training_volume__q90
0,2,tabnet,85,sleep__scalar_sleep_awake__q90
0,2,tabnet,86,sleep__seq_sleep_stage_entropy__std
0,2,tabnet,87,activity__seq_activity_state_state_3_ratio__mean
0,2,tabnet,88,sleep__scalar_sleep_midpoint_at_delta__rank_slope
0,2,tabnet,89,activity__seq_activity_state_state_3_ratio__std
0,2,tabnet,90,sleep__scalar_sleep_awake__std
0,2,tabnet,91,activity__scalar_activity_score__mean
0,2,tabnet,92,sleep__seq_sleep_stage_longest_inactive_run__iqr
0,2,tabnet,93,activity__scalar_activity_average_met__mean
0,2,tabnet,94,sleep__seq_sleep_stage_entropy__q10
0,2,tabnet,95,sleep__clock_bedtime_end_sin__rank_slope
0,2,ydf,0,mmse__q01
0,2,ydf,1,mmse__q02
0,2,ydf,2,mmse__q03
0,2,ydf,3,mmse__q04
0,2,ydf,4,mmse__q05
0,2,ydf,5,mmse__q08
0,2,ydf,6,mmse__q09
0,2,ydf,7,mmse__q10
0,2,ydf,8,mmse__q12_1
0,2,ydf,9,mmse__q12_2
0,2,ydf,10,mmse__q12_3
0,2,ydf,11,mmse__q12_4
0,2,ydf,12,mmse__q12_5
0,2,ydf,13,mmse__q13_1
0,2,ydf,14,mmse__q13_2
0,2,ydf,15,mmse__q13_3
0,2,ydf,16,mmse__q14_1
0,2,ydf,17,mmse__q15
0,2,ydf,18,mmse__q16_1
0,2,ydf,19,mmse__q16_2
0,2,ydf,20,mmse__q16_3
0,2,ydf,21,mmse__q17
0,2,ydf,22,mmse__q18
0,2,ydf,23,mmse__q19
0,2,ydf,24,mmse__total
0,2,ydf,25,mmse__orientation_sum
0,2,ydf,26,mmse__memory_language_sum
0,2,ydf,27,activity__scalar_activity_score_meet_daily_targets__q90
0,2,ydf,28,sleep__scalar_sleep_light__q90
0,2,ydf,29,sleep__scalar_sleep_light__mean
0,2,ydf,30,sleep__scalar_sleep_score_latency__q10
0,2,ydf,31,activity__seq_activity_state_state_1_ratio__mean
0,2,ydf,32,sleep__scalar_sleep_score_latency__mean
0,2,ydf,33,activity__seq_activity_state_state_1_ratio__q10
0,2,ydf,34,activity__scalar_activity_rest__median
0,2,ydf,35,sleep__scalar_sleep_duration__mean
0,2,ydf,36,sleep__scalar_sleep_light__q10
0,2,ydf,37,activity__scalar_activity_score_meet_daily_targets__median
0,2,ydf,38,activity__scalar_activity_rest__q10
0,2,ydf,39,sleep__scalar_sleep_duration__q90
0,2,ydf,40,activity__scalar_activity_score_meet_daily_targets__mean
0,2,ydf,41,activity__seq_activity_state_state_1_ratio__q90
0,2,ydf,42,sleep__scalar_sleep_midpoint_time__q90
0,2,ydf,43,sleep__scalar_sleep_duration__median
0,2,ydf,44,sleep__scalar_sleep_midpoint_time__median
0,2,ydf,45,activity__seq_activity_state_entropy__q90
0,2,ydf,46,activity__scalar_activity_rest__q90
0,2,ydf,47,activity__seq_activity_met_median__mean
0,2,ydf,48,activity__seq_activity_state_active_ratio__q90
0,2,ydf,49,sleep__scalar_sleep_midpoint_at_delta__median
0,2,ydf,50,sleep__scalar_sleep_total__q90
0,2,ydf,51,activity__scalar_activity_low__std
0,2,ydf,52,sleep__scalar_sleep_total__median
0,2,ydf,53,activity__scalar_activity_met_min_low__std
0,2,ydf,54,activity__seq_activity_met_median__median
0,2,ydf,55,activity__seq_activity_state_transition_rate__q90
0,2,ydf,56,sleep__seq_sleep_stage_entropy__iqr
0,2,ydf,57,activity__scalar_activity_low__q90
0,2,ydf,58,activity__scalar_activity_score__q90
0,2,ydf,59,activity__seq_activity_state_entropy__mean
0,2,ydf,60,activity__seq_activity_met_median__q10
0,2,ydf,61,sleep__clock_bedtime_end_sin__std
0,2,ydf,62,activity__scalar_activity_total__q90
0,2,ydf,63,activity__scalar_activity_total__std
0,2,ydf,64,activity__seq_activity_state_state_3_ratio__q90
0,2,ydf,65,activity__seq_activity_state_transition_rate__mean
0,2,ydf,66,activity__scalar_activity_total__iqr
0,2,ydf,67,sleep__scalar_sleep_onset_latency__iqr
0,2,ydf,68,activity__scalar_activity_low__iqr
0,2,ydf,69,activity__seq_activity_state_active_ratio__iqr
0,2,ydf,70,sleep__scalar_sleep_onset_latency__q90
0,2,ydf,71,sleep__scalar_sleep_light__std
0,2,ydf,72,activity__seq_activity_state_entropy__q10
0,2,ydf,73,sleep__scalar_sleep_score_latency__recent_early
0,2,ydf,74,activity__seq_activity_state_active_ratio__mean
0,2,ydf,75,activity__scalar_activity_met_min_low__q90
0,2,ydf,76,activity__seq_activity_state_active_ratio__std
0,2,ydf,77,sleep__scalar_sleep_duration__q10
0,2,ydf,78,sleep__scalar_sleep_score_latency__std
0,2,ydf,79,sleep__scalar_sleep_score_alignment__recent_early
0,2,ydf,80,sleep__clock_bedtime_end_cos__q90
0,2,ydf,81,activity__scalar_activity_low__mean
0,2,ydf,82,activity__scalar_activity_total__mean
0,2,ydf,83,activity__scalar_activity_average_met__q90
0,2,ydf,84,activity__scalar_activity_score_training_volume__q90
0,2,ydf,85,sleep__scalar_sleep_awake__q90
0,2,ydf,86,sleep__seq_sleep_stage_entropy__std
0,2,ydf,87,activity__seq_activity_state_state_3_ratio__mean
0,2,ydf,88,sleep__scalar_sleep_midpoint_at_delta__rank_slope
0,2,ydf,89,activity__seq_activity_state_state_3_ratio__std
0,2,ydf,90,sleep__scalar_sleep_awake__std
0,2,ydf,91,activity__scalar_activity_score__mean
0,2,ydf,92,sleep__seq_sleep_stage_longest_inactive_run__iqr
0,2,ydf,93,activity__scalar_activity_average_met__mean
0,2,ydf,94,sleep__seq_sleep_stage_entropy__q10
0,2,ydf,95,sleep__clock_bedtime_end_sin__rank_slope
1,0,transformer,0,mmse__q01
1,0,transformer,1,mmse__q02
1,0,transformer,2,mmse__q03
1,0,transformer,3,mmse__q04
1,0,transformer,4,mmse__q05
1,0,transformer,5,mmse__q06
1,0,transformer,6,mmse__q07
1,0,transformer,7,mmse__q08
1,0,transformer,8,mmse__q09
1,0,transformer,9,mmse__q10
1,0,transformer,10,mmse__q12_1
1,0,transformer,11,mmse__q12_2
1,0,transformer,12,mmse__q12_3
1,0,transformer,13,mmse__q12_4
1,0,transformer,14,mmse__q12_5
1,0,transformer,15,mmse__q13_1
1,0,transformer,16,mmse__q13_2
1,0,transformer,17,mmse__q13_3
1,0,transformer,18,mmse__q14_1
1,0,transformer,19,mmse__q15
1,0,transformer,20,mmse__q16_1
1,0,transformer,21,mmse__q16_2
1,0,transformer,22,mmse__q16_3
1,0,transformer,23,mmse__q17
1,0,transformer,24,mmse__q18
1,0,transformer,25,mmse__q19
1,0,transformer,26,mmse__total
1,0,transformer,27,mmse__orientation_sum
1,0,transformer,28,mmse__memory_language_sum
1,0,transformer,29,activity__scalar_activity_score_meet_daily_targets__q90
1,0,transformer,30,sleep__scalar_sleep_light__q90
1,0,transformer,31,activity__scalar_activity_score_meet_daily_targets__median
1,0,transformer,32,activity__scalar_activity_score_training_volume__q90
1,0,transformer,33,sleep__scalar_sleep_midpoint_time__median
1,0,transformer,34,activity__seq_activity_met_q10__q90
1,0,transformer,35,activity__scalar_activity_score_meet_daily_targets__mean
1,0,transformer,36,sleep__scalar_sleep_midpoint_at_delta__rank_slope
1,0,transformer,37,sleep__scalar_sleep_light__mean
1,0,transformer,38,activity__scalar_activity_score__q90
1,0,transformer,39,sleep__scalar_sleep_midpoint_time__q90
1,0,transformer,40,sleep__scalar_sleep_midpoint_time__mean
1,0,transformer,41,sleep__scalar_sleep_duration__q90
1,0,transformer,42,sleep__scalar_sleep_score_latency__q10
1,0,transformer,43,activity__scalar_activity_score__mean
1,0,transformer,44,sleep__scalar_sleep_awake__iqr
1,0,transformer,45,sleep__scalar_sleep_light__std
1,0,transformer,46,activity__scalar_activity_score__median
1,0,transformer,47,sleep__scalar_sleep_total__q90
1,0,transformer,48,activity__scalar_activity_score_training_volume__mean
1,0,transformer,49,sleep__scalar_sleep_total__median
1,0,transformer,50,sleep__scalar_sleep_score_latency__std
1,0,transformer,51,activity__scalar_activity_score_training_frequency__q90
1,0,transformer,52,activity__scalar_activity_score_training_volume__median
1,0,transformer,53,activity__scalar_activity_rest__median
1,0,transformer,54,activity__scalar_activity_score__q10
1,0,transformer,55,sleep__seq_sleep_stage_longest_inactive_run__q10
1,0,transformer,56,sleep__scalar_sleep_score_deep__iqr
1,0,transformer,57,sleep__scalar_sleep_rem__std
1,0,transformer,58,sleep__seq_sleep_stage_transition_rate__iqr
1,0,transformer,59,sleep__scalar_sleep_score_latency__mean
1,0,transformer,60,activity__seq_activity_state_state_1_ratio__q10
1,0,transformer,61,activity__seq_activity_state_state_1_ratio__median
1,0,transformer,62,sleep__scalar_sleep_awake__median
1,0,transformer,63,sleep__scalar_sleep_light__q10
1,0,tabnet,0,mmse__q01
1,0,tabnet,1,mmse__q02
1,0,tabnet,2,mmse__q03
1,0,tabnet,3,mmse__q04
1,0,tabnet,4,mmse__q05
1,0,tabnet,5,mmse__q06
1,0,tabnet,6,mmse__q07
1,0,tabnet,7,mmse__q08
1,0,tabnet,8,mmse__q09
1,0,tabnet,9,mmse__q10
1,0,tabnet,10,mmse__q12_1
1,0,tabnet,11,mmse__q12_2
1,0,tabnet,12,mmse__q12_3
1,0,tabnet,13,mmse__q12_4
1,0,tabnet,14,mmse__q12_5
1,0,tabnet,15,mmse__q13_1
1,0,tabnet,16,mmse__q13_2
1,0,tabnet,17,mmse__q13_3
1,0,tabnet,18,mmse__q14_1
1,0,tabnet,19,mmse__q15
1,0,tabnet,20,mmse__q16_1
1,0,tabnet,21,mmse__q16_2
1,0,tabnet,22,mmse__q16_3
1,0,tabnet,23,mmse__q17
1,0,tabnet,24,mmse__q18
1,0,tabnet,25,mmse__q19
1,0,tabnet,26,mmse__total
1,0,tabnet,27,mmse__orientation_sum
1,0,tabnet,28,mmse__memory_language_sum
1,0,tabnet,29,activity__scalar_activity_score_meet_daily_targets__q90
1,0,tabnet,30,sleep__scalar_sleep_light__q90
1,0,tabnet,31,activity__scalar_activity_score_meet_daily_targets__median
1,0,tabnet,32,activity__scalar_activity_score_training_volume__q90
1,0,tabnet,33,sleep__scalar_sleep_midpoint_time__median
1,0,tabnet,34,activity__seq_activity_met_q10__q90
1,0,tabnet,35,activity__scalar_activity_score_meet_daily_targets__mean
1,0,tabnet,36,sleep__scalar_sleep_midpoint_at_delta__rank_slope
1,0,tabnet,37,sleep__scalar_sleep_light__mean
1,0,tabnet,38,activity__scalar_activity_score__q90
1,0,tabnet,39,sleep__scalar_sleep_midpoint_time__q90
1,0,tabnet,40,sleep__scalar_sleep_midpoint_time__mean
1,0,tabnet,41,sleep__scalar_sleep_duration__q90
1,0,tabnet,42,sleep__scalar_sleep_score_latency__q10
1,0,tabnet,43,activity__scalar_activity_score__mean
1,0,tabnet,44,sleep__scalar_sleep_awake__iqr
1,0,tabnet,45,sleep__scalar_sleep_light__std
1,0,tabnet,46,activity__scalar_activity_score__median
1,0,tabnet,47,sleep__scalar_sleep_total__q90
1,0,tabnet,48,activity__scalar_activity_score_training_volume__mean
1,0,tabnet,49,sleep__scalar_sleep_total__median
1,0,tabnet,50,sleep__scalar_sleep_score_latency__std
1,0,tabnet,51,activity__scalar_activity_score_training_frequency__q90
1,0,tabnet,52,activity__scalar_activity_score_training_volume__median
1,0,tabnet,53,activity__scalar_activity_rest__median
1,0,tabnet,54,activity__scalar_activity_score__q10
1,0,tabnet,55,sleep__seq_sleep_stage_longest_inactive_run__q10
1,0,tabnet,56,sleep__scalar_sleep_score_deep__iqr
1,0,tabnet,57,sleep__scalar_sleep_rem__std
1,0,tabnet,58,sleep__seq_sleep_stage_transition_rate__iqr
1,0,tabnet,59,sleep__scalar_sleep_score_latency__mean
1,0,tabnet,60,activity__seq_activity_state_state_1_ratio__q10
1,0,tabnet,61,activity__seq_activity_state_state_1_ratio__median
1,0,tabnet,62,sleep__scalar_sleep_awake__median
1,0,tabnet,63,sleep__scalar_sleep_light__q10
1,0,ydf,0,mmse__q01
1,0,ydf,1,mmse__q02
1,0,ydf,2,mmse__q03
1,0,ydf,3,mmse__q04
1,0,ydf,4,mmse__q05
1,0,ydf,5,mmse__q06
1,0,ydf,6,mmse__q07
1,0,ydf,7,mmse__q08
1,0,ydf,8,mmse__q09
1,0,ydf,9,mmse__q10
1,0,ydf,10,mmse__q12_1
1,0,ydf,11,mmse__q12_2
1,0,ydf,12,mmse__q12_3
1,0,ydf,13,mmse__q12_4
1,0,ydf,14,mmse__q12_5
1,0,ydf,15,mmse__q13_1
1,0,ydf,16,mmse__q13_2
1,0,ydf,17,mmse__q13_3
1,0,ydf,18,mmse__q14_1
1,0,ydf,19,mmse__q15
1,0,ydf,20,mmse__q16_1
1,0,ydf,21,mmse__q16_2
1,0,ydf,22,mmse__q16_3
1,0,ydf,23,mmse__q17
1,0,ydf,24,mmse__q18
1,0,ydf,25,mmse__q19
1,0,ydf,26,mmse__total
1,0,ydf,27,mmse__orientation_sum
1,0,ydf,28,mmse__memory_language_sum
1,0,ydf,29,activity__scalar_activity_score_meet_daily_targets__q90
1,0,ydf,30,sleep__scalar_sleep_light__q90
1,0,ydf,31,activity__scalar_activity_score_meet_daily_targets__median
1,0,ydf,32,activity__scalar_activity_score_training_volume__q90
1,0,ydf,33,sleep__scalar_sleep_midpoint_time__median
1,0,ydf,34,activity__seq_activity_met_q10__q90
1,0,ydf,35,activity__scalar_activity_score_meet_daily_targets__mean
1,0,ydf,36,sleep__scalar_sleep_midpoint_at_delta__rank_slope
1,0,ydf,37,sleep__scalar_sleep_light__mean
1,0,ydf,38,activity__scalar_activity_score__q90
1,0,ydf,39,sleep__scalar_sleep_midpoint_time__q90
1,0,ydf,40,sleep__scalar_sleep_midpoint_time__mean
1,0,ydf,41,sleep__scalar_sleep_duration__q90
1,0,ydf,42,sleep__scalar_sleep_score_latency__q10
1,0,ydf,43,activity__scalar_activity_score__mean
1,0,ydf,44,sleep__scalar_sleep_awake__iqr
1,0,ydf,45,sleep__scalar_sleep_light__std
1,0,ydf,46,activity__scalar_activity_score__median
1,0,ydf,47,sleep__scalar_sleep_total__q90
1,0,ydf,48,activity__scalar_activity_score_training_volume__mean
1,0,ydf,49,sleep__scalar_sleep_total__median
1,0,ydf,50,sleep__scalar_sleep_score_latency__std
1,0,ydf,51,activity__scalar_activity_score_training_frequency__q90
1,0,ydf,52,activity__scalar_activity_score_training_volume__median
1,0,ydf,53,activity__scalar_activity_rest__median
1,0,ydf,54,activity__scalar_activity_score__q10
1,0,ydf,55,sleep__seq_sleep_stage_longest_inactive_run__q10
1,0,ydf,56,sleep__scalar_sleep_score_deep__iqr
1,0,ydf,57,sleep__scalar_sleep_rem__std
1,0,ydf,58,sleep__seq_sleep_stage_transition_rate__iqr
1,0,ydf,59,sleep__scalar_sleep_score_latency__mean
1,0,ydf,60,activity__seq_activity_state_state_1_ratio__q10
1,0,ydf,61,activity__seq_activity_state_state_1_ratio__median
1,0,ydf,62,sleep__scalar_sleep_awake__median
1,0,ydf,63,sleep__scalar_sleep_light__q10
1,1,transformer,0,mmse__q01
1,1,transformer,1,mmse__q02
1,1,transformer,2,mmse__q03
1,1,transformer,3,mmse__q04
1,1,transformer,4,mmse__q05
1,1,transformer,5,mmse__q06
1,1,transformer,6,mmse__q07
1,1,transformer,7,mmse__q08
1,1,transformer,8,mmse__q09
1,1,transformer,9,mmse__q10
1,1,transformer,10,mmse__q12_1
1,1,transformer,11,mmse__q12_2
1,1,transformer,12,mmse__q12_3
1,1,transformer,13,mmse__q12_4
1,1,transformer,14,mmse__q12_5
1,1,transformer,15,mmse__q13_1
1,1,transformer,16,mmse__q13_2
1,1,transformer,17,mmse__q13_3
1,1,transformer,18,mmse__q14_1
1,1,transformer,19,mmse__q15
1,1,transformer,20,mmse__q16_1
1,1,transformer,21,mmse__q16_2
1,1,transformer,22,mmse__q16_3
1,1,transformer,23,mmse__q17
1,1,transformer,24,mmse__q18
1,1,transformer,25,mmse__q19
1,1,transformer,26,mmse__total
1,1,transformer,27,mmse__orientation_sum
1,1,transformer,28,mmse__memory_language_sum
1,1,transformer,29,sleep__scalar_sleep_score_latency__q10
1,1,transformer,30,activity__seq_activity_state_state_1_ratio__median
1,1,transformer,31,activity__scalar_activity_rest__q10
1,1,transformer,32,activity__scalar_activity_rest__mean
1,1,transformer,33,activity__seq_activity_state_state_1_ratio__q10
1,1,transformer,34,sleep__seq_sleep_hr_low_high_delta__iqr
1,1,transformer,35,sleep__seq_sleep_hr_iqr__iqr
1,1,transformer,36,sleep__seq_sleep_hr_std__iqr
1,1,transformer,37,activity__seq_activity_met_median__median
1,1,transformer,38,activity__scalar_activity_rest__q90
1,1,transformer,39,sleep__seq_sleep_hr_std__std
1,1,transformer,40,sleep__seq_sleep_hr_low_high_delta__std
1,1,transformer,41,sleep__scalar_sleep_light__median
1,1,transformer,42,activity__seq_activity_state_state_1_ratio__q90
1,1,transformer,43,activity__seq_activity_met_median__mean
1,1,transformer,44,sleep__scalar_sleep_light__q90
1,1,transformer,45,sleep__scalar_sleep_score_deep__std
1,1,transformer,46,sleep__seq_sleep_hr_low_high_delta__q10
1,1,transformer,47,sleep__scalar_sleep_score_deep__q10
1,1,transformer,48,activity__scalar_activity_low__q90
1,1,transformer,49,activity__seq_activity_state_active_ratio__q90
1,1,transformer,50,sleep__scalar_sleep_midpoint_at_delta__rank_slope
1,1,transformer,51,sleep__seq_sleep_hr_iqr__std
1,1,transformer,52,sleep__seq_sleep_stage_entropy__q10
1,1,transformer,53,sleep__seq_sleep_stage_entropy__std
1,1,transformer,54,activity__seq_activity_state_state_3_ratio__q90
1,1,transformer,55,activity__scalar_activity_total__q90
1,1,transformer,56,activity__scalar_activity_low__std
1,1,transformer,57,activity__scalar_activity_low__mean
1,1,transformer,58,sleep__seq_sleep_stage_state_1_ratio__q10
1,1,transformer,59,sleep__seq_sleep_stage_longest_inactive_run__iqr
1,1,transformer,60,activity__scalar_activity_score_meet_daily_targets__q90
1,1,transformer,61,sleep__seq_sleep_stage_state_1_ratio__median
1,1,transformer,62,sleep__scalar_sleep_onset_latency__q90
1,1,transformer,63,sleep__scalar_sleep_midpoint_at_delta__median
1,1,transformer,64,activity__seq_activity_met_median__q90
1,1,transformer,65,sleep__scalar_sleep_restless__q90
1,1,transformer,66,sleep__scalar_sleep_deep__q10
1,1,transformer,67,sleep__scalar_sleep_score_deep__iqr
1,1,transformer,68,sleep__scalar_sleep_score_latency__mean
1,1,transformer,69,activity__seq_activity_state_state_3_ratio__mean
1,1,transformer,70,activity__seq_activity_state_active_ratio__mean
1,1,transformer,71,activity__seq_activity_met_low_high_delta__recent_early
1,1,transformer,72,sleep__seq_sleep_stage_active_ratio__q90
1,1,transformer,73,activity__scalar_activity_total__median
1,1,transformer,74,sleep__scalar_sleep_score_latency__std
1,1,transformer,75,activity__seq_activity_met_iqr__q90
1,1,transformer,76,sleep__scalar_sleep_light__q10
1,1,transformer,77,sleep__seq_sleep_stage_state_4_ratio__mean
1,1,transformer,78,sleep__seq_sleep_hr_iqr__q90
1,1,transformer,79,activity__scalar_activity_met_min_low__q90
1,1,transformer,80,sleep__clock_bedtime_end_sin__recent_early
1,1,transformer,81,sleep__scalar_sleep_score_alignment__recent_early
1,1,transformer,82,sleep__seq_sleep_stage_entropy__mean
1,1,transformer,83,activity__scalar_activity_met_min_low__mean
1,1,transformer,84,sleep__scalar_sleep_score_efficiency__q90
1,1,transformer,85,activity__seq_activity_met_iqr__median
1,1,transformer,86,sleep__scalar_sleep_restless__iqr
1,1,transformer,87,sleep__clock_bedtime_start_sin__q10
1,1,transformer,88,activity__seq_activity_met_q10__rank_slope
1,1,transformer,89,sleep__scalar_sleep_awake__q90
1,1,transformer,90,activity__scalar_activity_total__iqr
1,1,transformer,91,sleep__scalar_sleep_midpoint_time__median
1,1,transformer,92,sleep__scalar_sleep_restless__mean
1,1,transformer,93,sleep__scalar_sleep_score_deep__mean
1,1,transformer,94,sleep__scalar_sleep_deep__median
1,1,transformer,95,activity__scalar_activity_met_min_low__std
1,1,tabnet,0,mmse__q01
1,1,tabnet,1,mmse__q02
1,1,tabnet,2,mmse__q03
1,1,tabnet,3,mmse__q04
1,1,tabnet,4,mmse__q05
1,1,tabnet,5,mmse__q06
1,1,tabnet,6,mmse__q07
1,1,tabnet,7,mmse__q08
1,1,tabnet,8,mmse__q09
1,1,tabnet,9,mmse__q10
1,1,tabnet,10,mmse__q12_1
1,1,tabnet,11,mmse__q12_2
1,1,tabnet,12,mmse__q12_3
1,1,tabnet,13,mmse__q12_4
1,1,tabnet,14,mmse__q12_5
1,1,tabnet,15,mmse__q13_1
1,1,tabnet,16,mmse__q13_2
1,1,tabnet,17,mmse__q13_3
1,1,tabnet,18,mmse__q14_1
1,1,tabnet,19,mmse__q15
1,1,tabnet,20,mmse__q16_1
1,1,tabnet,21,mmse__q16_2
1,1,tabnet,22,mmse__q16_3
1,1,tabnet,23,mmse__q17
1,1,tabnet,24,mmse__q18
1,1,tabnet,25,mmse__q19
1,1,tabnet,26,mmse__total
1,1,tabnet,27,mmse__orientation_sum
1,1,tabnet,28,mmse__memory_language_sum
1,1,tabnet,29,sleep__scalar_sleep_score_latency__q10
1,1,tabnet,30,activity__seq_activity_state_state_1_ratio__median
1,1,tabnet,31,activity__scalar_activity_rest__q10
1,1,tabnet,32,activity__scalar_activity_rest__mean
1,1,tabnet,33,activity__seq_activity_state_state_1_ratio__q10
1,1,tabnet,34,sleep__seq_sleep_hr_low_high_delta__iqr
1,1,tabnet,35,sleep__seq_sleep_hr_iqr__iqr
1,1,tabnet,36,sleep__seq_sleep_hr_std__iqr
1,1,tabnet,37,activity__seq_activity_met_median__median
1,1,tabnet,38,activity__scalar_activity_rest__q90
1,1,tabnet,39,sleep__seq_sleep_hr_std__std
1,1,tabnet,40,sleep__seq_sleep_hr_low_high_delta__std
1,1,tabnet,41,sleep__scalar_sleep_light__median
1,1,tabnet,42,activity__seq_activity_state_state_1_ratio__q90
1,1,tabnet,43,activity__seq_activity_met_median__mean
1,1,tabnet,44,sleep__scalar_sleep_light__q90
1,1,tabnet,45,sleep__scalar_sleep_score_deep__std
1,1,tabnet,46,sleep__seq_sleep_hr_low_high_delta__q10
1,1,tabnet,47,sleep__scalar_sleep_score_deep__q10
1,1,tabnet,48,activity__scalar_activity_low__q90
1,1,tabnet,49,activity__seq_activity_state_active_ratio__q90
1,1,tabnet,50,sleep__scalar_sleep_midpoint_at_delta__rank_slope
1,1,tabnet,51,sleep__seq_sleep_hr_iqr__std
1,1,tabnet,52,sleep__seq_sleep_stage_entropy__q10
1,1,tabnet,53,sleep__seq_sleep_stage_entropy__std
1,1,tabnet,54,activity__seq_activity_state_state_3_ratio__q90
1,1,tabnet,55,activity__scalar_activity_total__q90
1,1,tabnet,56,activity__scalar_activity_low__std
1,1,tabnet,57,activity__scalar_activity_low__mean
1,1,tabnet,58,sleep__seq_sleep_stage_state_1_ratio__q10
1,1,tabnet,59,sleep__seq_sleep_stage_longest_inactive_run__iqr
1,1,tabnet,60,activity__scalar_activity_score_meet_daily_targets__q90
1,1,tabnet,61,sleep__seq_sleep_stage_state_1_ratio__median
1,1,tabnet,62,sleep__scalar_sleep_onset_latency__q90
1,1,tabnet,63,sleep__scalar_sleep_midpoint_at_delta__median
1,1,tabnet,64,activity__seq_activity_met_median__q90
1,1,tabnet,65,sleep__scalar_sleep_restless__q90
1,1,tabnet,66,sleep__scalar_sleep_deep__q10
1,1,tabnet,67,sleep__scalar_sleep_score_deep__iqr
1,1,tabnet,68,sleep__scalar_sleep_score_latency__mean
1,1,tabnet,69,activity__seq_activity_state_state_3_ratio__mean
1,1,tabnet,70,activity__seq_activity_state_active_ratio__mean
1,1,tabnet,71,activity__seq_activity_met_low_high_delta__recent_early
1,1,tabnet,72,sleep__seq_sleep_stage_active_ratio__q90
1,1,tabnet,73,activity__scalar_activity_total__median
1,1,tabnet,74,sleep__scalar_sleep_score_latency__std
1,1,tabnet,75,activity__seq_activity_met_iqr__q90
1,1,tabnet,76,sleep__scalar_sleep_light__q10
1,1,tabnet,77,sleep__seq_sleep_stage_state_4_ratio__mean
1,1,tabnet,78,sleep__seq_sleep_hr_iqr__q90
1,1,tabnet,79,activity__scalar_activity_met_min_low__q90
1,1,tabnet,80,sleep__clock_bedtime_end_sin__recent_early
1,1,tabnet,81,sleep__scalar_sleep_score_alignment__recent_early
1,1,tabnet,82,sleep__seq_sleep_stage_entropy__mean
1,1,tabnet,83,activity__scalar_activity_met_min_low__mean
1,1,tabnet,84,sleep__scalar_sleep_score_efficiency__q90
1,1,tabnet,85,activity__seq_activity_met_iqr__median
1,1,tabnet,86,sleep__scalar_sleep_restless__iqr
1,1,tabnet,87,sleep__clock_bedtime_start_sin__q10
1,1,tabnet,88,activity__seq_activity_met_q10__rank_slope
1,1,tabnet,89,sleep__scalar_sleep_awake__q90
1,1,tabnet,90,activity__scalar_activity_total__iqr
1,1,tabnet,91,sleep__scalar_sleep_midpoint_time__median
1,1,tabnet,92,sleep__scalar_sleep_restless__mean
1,1,tabnet,93,sleep__scalar_sleep_score_deep__mean
1,1,tabnet,94,sleep__scalar_sleep_deep__median
1,1,tabnet,95,activity__scalar_activity_met_min_low__std
1,1,tabnet,96,sleep__clock_bedtime_start_cos__iqr
1,1,tabnet,97,sleep__seq_sleep_hr_q90__iqr
1,1,tabnet,98,activity__scalar_activity_total__std
1,1,tabnet,99,sleep__clock_bedtime_start_sin__median
1,1,tabnet,100,activity__seq_activity_met_iqr__mean
1,1,tabnet,101,sleep__seq_sleep_stage_entropy__iqr
1,1,tabnet,102,sleep__scalar_sleep_restless__std
1,1,tabnet,103,sleep__scalar_sleep_midpoint_at_delta__q10
1,1,tabnet,104,sleep__scalar_sleep_midpoint_time__mean
1,1,tabnet,105,sleep__scalar_sleep_total__median
1,1,tabnet,106,sleep__scalar_sleep_temperature_delta__rank_slope
1,1,tabnet,107,sleep__seq_sleep_stage_state_1_ratio__q90
1,1,tabnet,108,sleep__scalar_sleep_awake__mean
1,1,tabnet,109,sleep__seq_sleep_stage_state_4_ratio__q90
1,1,tabnet,110,activity__seq_activity_state_state_3_ratio__std
1,1,tabnet,111,sleep__scalar_sleep_score_latency__recent_early
1,1,tabnet,112,sleep__clock_bedtime_start_sin__mean
1,1,tabnet,113,sleep__scalar_sleep_awake__median
1,1,tabnet,114,sleep__seq_sleep_stage_state_2_ratio__q90
1,1,tabnet,115,activity__seq_activity_state_entropy__q90
1,1,tabnet,116,sleep__scalar_sleep_midpoint_time__q90
1,1,tabnet,117,activity__seq_activity_met_iqr__std
1,1,tabnet,118,sleep__scalar_sleep_restless__q10
1,1,tabnet,119,activity__scalar_activity_average_met__mean
1,1,tabnet,120,activity__seq_activity_met_median__q10
1,1,tabnet,121,activity__scalar_activity_average_met__q90
1,1,tabnet,122,sleep__scalar_sleep_score_efficiency__median
1,1,tabnet,123,sleep__clock_bedtime_end_cos__q90
1,1,tabnet,124,activity__seq_activity_met_iqr__iqr
1,1,tabnet,125,sleep__seq_sleep_stage_longest_inactive_run__q90
1,1,tabnet,126,activity__seq_activity_state_active_ratio__std
1,1,tabnet,127,sleep__scalar_sleep_onset_latency__std
1,1,ydf,0,mmse__q01
1,1,ydf,1,mmse__q02
1,1,ydf,2,mmse__q03
1,1,ydf,3,mmse__q04
1,1,ydf,4,mmse__q05
1,1,ydf,5,mmse__q06
1,1,ydf,6,mmse__q07
1,1,ydf,7,mmse__q08
1,1,ydf,8,mmse__q09
1,1,ydf,9,mmse__q10
1,1,ydf,10,mmse__q12_1
1,1,ydf,11,mmse__q12_2
1,1,ydf,12,mmse__q12_3
1,1,ydf,13,mmse__q12_4
1,1,ydf,14,mmse__q12_5
1,1,ydf,15,mmse__q13_1
1,1,ydf,16,mmse__q13_2
1,1,ydf,17,mmse__q13_3
1,1,ydf,18,mmse__q14_1
1,1,ydf,19,mmse__q15
1,1,ydf,20,mmse__q16_1
1,1,ydf,21,mmse__q16_2
1,1,ydf,22,mmse__q16_3
1,1,ydf,23,mmse__q17
1,1,ydf,24,mmse__q18
1,1,ydf,25,mmse__q19
1,1,ydf,26,mmse__total
1,1,ydf,27,mmse__orientation_sum
1,1,ydf,28,mmse__memory_language_sum
1,1,ydf,29,sleep__scalar_sleep_score_latency__q10
1,1,ydf,30,activity__seq_activity_state_state_1_ratio__median
1,1,ydf,31,activity__scalar_activity_rest__q10
1,1,ydf,32,activity__scalar_activity_rest__mean
1,1,ydf,33,activity__seq_activity_state_state_1_ratio__q10
1,1,ydf,34,sleep__seq_sleep_hr_low_high_delta__iqr
1,1,ydf,35,sleep__seq_sleep_hr_iqr__iqr
1,1,ydf,36,sleep__seq_sleep_hr_std__iqr
1,1,ydf,37,activity__seq_activity_met_median__median
1,1,ydf,38,activity__scalar_activity_rest__q90
1,1,ydf,39,sleep__seq_sleep_hr_std__std
1,1,ydf,40,sleep__seq_sleep_hr_low_high_delta__std
1,1,ydf,41,sleep__scalar_sleep_light__median
1,1,ydf,42,activity__seq_activity_state_state_1_ratio__q90
1,1,ydf,43,activity__seq_activity_met_median__mean
1,1,ydf,44,sleep__scalar_sleep_light__q90
1,1,ydf,45,sleep__scalar_sleep_score_deep__std
1,1,ydf,46,sleep__seq_sleep_hr_low_high_delta__q10
1,1,ydf,47,sleep__scalar_sleep_score_deep__q10
1,1,ydf,48,activity__scalar_activity_low__q90
1,1,ydf,49,activity__seq_activity_state_active_ratio__q90
1,1,ydf,50,sleep__scalar_sleep_midpoint_at_delta__rank_slope
1,1,ydf,51,sleep__seq_sleep_hr_iqr__std
1,1,ydf,52,sleep__seq_sleep_stage_entropy__q10
1,1,ydf,53,sleep__seq_sleep_stage_entropy__std
1,1,ydf,54,activity__seq_activity_state_state_3_ratio__q90
1,1,ydf,55,activity__scalar_activity_total__q90
1,1,ydf,56,activity__scalar_activity_low__std
1,1,ydf,57,activity__scalar_activity_low__mean
1,1,ydf,58,sleep__seq_sleep_stage_state_1_ratio__q10
1,1,ydf,59,sleep__seq_sleep_stage_longest_inactive_run__iqr
1,1,ydf,60,activity__scalar_activity_score_meet_daily_targets__q90
1,1,ydf,61,sleep__seq_sleep_stage_state_1_ratio__median
1,1,ydf,62,sleep__scalar_sleep_onset_latency__q90
1,1,ydf,63,sleep__scalar_sleep_midpoint_at_delta__median
1,1,ydf,64,activity__seq_activity_met_median__q90
1,1,ydf,65,sleep__scalar_sleep_restless__q90
1,1,ydf,66,sleep__scalar_sleep_deep__q10
1,1,ydf,67,sleep__scalar_sleep_score_deep__iqr
1,1,ydf,68,sleep__scalar_sleep_score_latency__mean
1,1,ydf,69,activity__seq_activity_state_state_3_ratio__mean
1,1,ydf,70,activity__seq_activity_state_active_ratio__mean
1,1,ydf,71,activity__seq_activity_met_low_high_delta__recent_early
1,1,ydf,72,sleep__seq_sleep_stage_active_ratio__q90
1,1,ydf,73,activity__scalar_activity_total__median
1,1,ydf,74,sleep__scalar_sleep_score_latency__std
1,1,ydf,75,activity__seq_activity_met_iqr__q90
1,1,ydf,76,sleep__scalar_sleep_light__q10
1,1,ydf,77,sleep__seq_sleep_stage_state_4_ratio__mean
1,1,ydf,78,sleep__seq_sleep_hr_iqr__q90
1,1,ydf,79,activity__scalar_activity_met_min_low__q90
1,1,ydf,80,sleep__clock_bedtime_end_sin__recent_early
1,1,ydf,81,sleep__scalar_sleep_score_alignment__recent_early
1,1,ydf,82,sleep__seq_sleep_stage_entropy__mean
1,1,ydf,83,activity__scalar_activity_met_min_low__mean
1,1,ydf,84,sleep__scalar_sleep_score_efficiency__q90
1,1,ydf,85,activity__seq_activity_met_iqr__median
1,1,ydf,86,sleep__scalar_sleep_restless__iqr
1,1,ydf,87,sleep__clock_bedtime_start_sin__q10
1,1,ydf,88,activity__seq_activity_met_q10__rank_slope
1,1,ydf,89,sleep__scalar_sleep_awake__q90
1,1,ydf,90,activity__scalar_activity_total__iqr
1,1,ydf,91,sleep__scalar_sleep_midpoint_time__median
1,1,ydf,92,sleep__scalar_sleep_restless__mean
1,1,ydf,93,sleep__scalar_sleep_score_deep__mean
1,1,ydf,94,sleep__scalar_sleep_deep__median
1,1,ydf,95,activity__scalar_activity_met_min_low__std
1,1,ydf,96,sleep__clock_bedtime_start_cos__iqr
1,1,ydf,97,sleep__seq_sleep_hr_q90__iqr
1,1,ydf,98,activity__scalar_activity_total__std
1,1,ydf,99,sleep__clock_bedtime_start_sin__median
1,1,ydf,100,activity__seq_activity_met_iqr__mean
1,1,ydf,101,sleep__seq_sleep_stage_entropy__iqr
1,1,ydf,102,sleep__scalar_sleep_restless__std
1,1,ydf,103,sleep__scalar_sleep_midpoint_at_delta__q10
1,1,ydf,104,sleep__scalar_sleep_midpoint_time__mean
1,1,ydf,105,sleep__scalar_sleep_total__median
1,1,ydf,106,sleep__scalar_sleep_temperature_delta__rank_slope
1,1,ydf,107,sleep__seq_sleep_stage_state_1_ratio__q90
1,1,ydf,108,sleep__scalar_sleep_awake__mean
1,1,ydf,109,sleep__seq_sleep_stage_state_4_ratio__q90
1,1,ydf,110,activity__seq_activity_state_state_3_ratio__std
1,1,ydf,111,sleep__scalar_sleep_score_latency__recent_early
1,1,ydf,112,sleep__clock_bedtime_start_sin__mean
1,1,ydf,113,sleep__scalar_sleep_awake__median
1,1,ydf,114,sleep__seq_sleep_stage_state_2_ratio__q90
1,1,ydf,115,activity__seq_activity_state_entropy__q90
1,1,ydf,116,sleep__scalar_sleep_midpoint_time__q90
1,1,ydf,117,activity__seq_activity_met_iqr__std
1,1,ydf,118,sleep__scalar_sleep_restless__q10
1,1,ydf,119,activity__scalar_activity_average_met__mean
1,1,ydf,120,activity__seq_activity_met_median__q10
1,1,ydf,121,activity__scalar_activity_average_met__q90
1,1,ydf,122,sleep__scalar_sleep_score_efficiency__median
1,1,ydf,123,sleep__clock_bedtime_end_cos__q90
1,1,ydf,124,activity__seq_activity_met_iqr__iqr
1,1,ydf,125,sleep__seq_sleep_stage_longest_inactive_run__q90
1,1,ydf,126,activity__seq_activity_state_active_ratio__std
1,1,ydf,127,sleep__scalar_sleep_onset_latency__std
1,1,ydf,128,activity__scalar_activity_low__iqr
1,1,ydf,129,activity__scalar_activity_score_meet_daily_targets__mean
1,1,ydf,130,sleep__scalar_sleep_score_alignment__q10
1,1,ydf,131,sleep__scalar_sleep_duration__q90
1,1,ydf,132,activity__scalar_activity_low__q10
1,1,ydf,133,activity__scalar_activity_average_met__iqr
1,1,ydf,134,activity__seq_activity_state_active_ratio__iqr
1,1,ydf,135,activity__seq_activity_met_mean__q10
1,1,ydf,136,sleep__scalar_sleep_awake__q10
1,1,ydf,137,sleep__seq_sleep_stage_longest_inactive_run__mean
1,1,ydf,138,sleep__clock_bedtime_end_sin__rank_slope
1,1,ydf,139,activity__scalar_activity_inactivity_alerts__q90
1,1,ydf,140,activity__scalar_activity_met_min_low__q10
1,1,ydf,141,activity__seq_activity_state_state_3_ratio__q10
1,1,ydf,142,sleep__clock_bedtime_start_cos__q10
1,1,ydf,143,sleep__scalar_sleep_score_alignment__mean
1,1,ydf,144,sleep__seq_sleep_stage_longest_inactive_run__q10
1,1,ydf,145,sleep__clock_bedtime_end_sin__std
1,1,ydf,146,sleep__scalar_sleep_score_deep__median
1,1,ydf,147,activity__seq_activity_state_transition_rate__std
1,1,ydf,148,activity__seq_activity_state_entropy__median
1,1,ydf,149,activity__scalar_activity_score_move_every_hour__q10
1,1,ydf,150,activity__seq_activity_state_active_ratio__q10
1,1,ydf,151,sleep__scalar_sleep_total__q90
1,1,ydf,152,sleep__scalar_sleep_score_alignment__iqr
1,1,ydf,153,activity__seq_activity_met_mean__median
1,1,ydf,154,sleep__scalar_sleep_awake__std
1,1,ydf,155,sleep__seq_sleep_stage_state_2_ratio__q10
1,1,ydf,156,sleep__seq_sleep_hr_std__q90
1,1,ydf,157,sleep__scalar_sleep_light__std
1,1,ydf,158,sleep__clock_bedtime_end_cos__iqr
1,1,ydf,159,sleep__scalar_sleep_deep__q90
1,1,ydf,160,sleep__scalar_sleep_score_alignment__std
1,1,ydf,161,sleep__seq_sleep_hr_iqr__median
1,1,ydf,162,sleep__seq_sleep_stage_state_2_ratio__mean
1,1,ydf,163,activity__scalar_activity_met_min_low__iqr
1,1,ydf,164,sleep__scalar_sleep_midpoint_at_delta__std
1,1,ydf,165,activity__scalar_activity_average_met__q10
1,1,ydf,166,sleep__scalar_sleep_score_total__median
1,1,ydf,167,sleep__clock_bedtime_end_cos__median
1,1,ydf,168,sleep__seq_sleep_stage_entropy__q90
1,1,ydf,169,activity__seq_activity_state_transition_rate__q90
1,1,ydf,170,sleep__scalar_sleep_midpoint_at_delta__iqr
1,1,ydf,171,activity__scalar_activity_score_meet_daily_targets__median
1,1,ydf,172,activity__seq_activity_met_mean__iqr
1,1,ydf,173,sleep__seq_sleep_rmssd_low_high_delta__mean
1,1,ydf,174,sleep__seq_sleep_hr_iqr__mean
1,1,ydf,175,sleep__scalar_sleep_duration__std
1,1,ydf,176,sleep__scalar_sleep_awake__iqr
1,1,ydf,177,sleep__scalar_sleep_midpoint_time__std
1,1,ydf,178,sleep__seq_sleep_rmssd_low_high_delta__median
1,1,ydf,179,activity__scalar_activity_total__q10
1,1,ydf,180,activity__scalar_activity_cal_total__iqr
1,1,ydf,181,sleep__scalar_sleep_score_alignment__median
1,1,ydf,182,activity__seq_activity_met_iqr__q10
1,1,ydf,183,activity__seq_activity_met_low_high_delta__q90
1,1,ydf,184,sleep__scalar_sleep_restless__recent_early
1,1,ydf,185,activity__seq_activity_state_entropy__q10
1,1,ydf,186,sleep__seq_sleep_stage_transition_rate__recent_early
1,1,ydf,187,sleep__scalar_sleep_temperature_delta__median
1,1,ydf,188,sleep__clock_bedtime_start_cos__mean
1,1,ydf,189,activity__seq_activity_met_q90__mean
1,1,ydf,190,activity__seq_activity_met_q90__q90
1,1,ydf,191,activity__scalar_activity_score_training_volume__rank_slope
1,2,transformer,0,mmse__q01
1,2,transformer,1,mmse__q02
1,2,transformer,2,mmse__q03
1,2,transformer,3,mmse__q04
1,2,transformer,4,mmse__q05
1,2,transformer,5,mmse__q08
1,2,transformer,6,mmse__q09
1,2,transformer,7,mmse__q10
1,2,transformer,8,mmse__q12_1
1,2,transformer,9,mmse__q12_2
1,2,transformer,10,mmse__q12_3
1,2,transformer,11,mmse__q12_4
1,2,transformer,12,mmse__q12_5
1,2,transformer,13,mmse__q13_1
1,2,transformer,14,mmse__q13_2
1,2,transformer,15,mmse__q13_3
1,2,transformer,16,mmse__q14_1
1,2,transformer,17,mmse__q15
1,2,transformer,18,mmse__q16_1
1,2,transformer,19,mmse__q16_2
1,2,transformer,20,mmse__q16_3
1,2,transformer,21,mmse__q17
1,2,transformer,22,mmse__q18
1,2,transformer,23,mmse__q19
1,2,transformer,24,mmse__total
1,2,transformer,25,mmse__orientation_sum
1,2,transformer,26,mmse__memory_language_sum
1,2,transformer,27,sleep__scalar_sleep_score_latency__iqr
1,2,transformer,28,sleep__scalar_sleep_onset_latency__iqr
1,2,transformer,29,activity__seq_activity_met_q10__q90
1,2,transformer,30,sleep__scalar_sleep_score_latency__q10
1,2,transformer,31,sleep__scalar_sleep_restless__iqr
1,2,transformer,32,sleep__scalar_sleep_onset_latency__q90
1,2,transformer,33,sleep__seq_sleep_stage_entropy__std
1,2,transformer,34,sleep__scalar_sleep_restless__std
1,2,transformer,35,sleep__scalar_sleep_score_latency__recent_early
1,2,transformer,36,sleep__seq_sleep_stage_entropy__q10
1,2,transformer,37,sleep__seq_sleep_stage_entropy__iqr
1,2,transformer,38,sleep__seq_sleep_stage_transition_rate__median
1,2,transformer,39,sleep__seq_sleep_stage_transition_rate__q10
1,2,transformer,40,sleep__scalar_sleep_onset_latency__mean
1,2,transformer,41,sleep__seq_sleep_stage_state_2_ratio__q90
1,2,transformer,42,sleep__clock_bedtime_start_sin__recent_early
1,2,transformer,43,sleep__scalar_sleep_score_alignment__recent_early
1,2,transformer,44,sleep__scalar_sleep_score_latency__std
1,2,transformer,45,sleep__clock_bedtime_end_sin__rank_slope
1,2,transformer,46,sleep__scalar_sleep_light__q90
1,2,transformer,47,sleep__scalar_sleep_midpoint_at_delta__median
1,2,transformer,48,sleep__scalar_sleep_score_disturbances__iqr
1,2,transformer,49,sleep__scalar_sleep_score_latency__rank_slope
1,2,transformer,50,sleep__scalar_sleep_score_deep__iqr
1,2,transformer,51,sleep__scalar_sleep_onset_latency__median
1,2,transformer,52,sleep__seq_sleep_stage_transition_rate__q90
1,2,transformer,53,sleep__seq_sleep_stage_state_2_ratio__std
1,2,transformer,54,sleep__seq_sleep_stage_entropy__mean
1,2,transformer,55,activity__scalar_activity_met_min_medium__recent_early
1,2,transformer,56,sleep__scalar_sleep_light__median
1,2,transformer,57,sleep__scalar_sleep_restless__q90
1,2,transformer,58,sleep__seq_sleep_stage_entropy__recent_early
1,2,transformer,59,activity__seq_activity_state_transition_rate__q90
1,2,transformer,60,activity__scalar_activity_medium__recent_early
1,2,transformer,61,sleep__scalar_sleep_score_alignment__mean
1,2,transformer,62,sleep__scalar_sleep_restless__rank_slope
1,2,transformer,63,activity__scalar_activity_met_min_inactive__median
1,2,tabnet,0,mmse__q01
1,2,tabnet,1,mmse__q02
1,2,tabnet,2,mmse__q03
1,2,tabnet,3,mmse__q04
1,2,tabnet,4,mmse__q05
1,2,tabnet,5,mmse__q08
1,2,tabnet,6,mmse__q09
1,2,tabnet,7,mmse__q10
1,2,tabnet,8,mmse__q12_1
1,2,tabnet,9,mmse__q12_2
1,2,tabnet,10,mmse__q12_3
1,2,tabnet,11,mmse__q12_4
1,2,tabnet,12,mmse__q12_5
1,2,tabnet,13,mmse__q13_1
1,2,tabnet,14,mmse__q13_2
1,2,tabnet,15,mmse__q13_3
1,2,tabnet,16,mmse__q14_1
1,2,tabnet,17,mmse__q15
1,2,tabnet,18,mmse__q16_1
1,2,tabnet,19,mmse__q16_2
1,2,tabnet,20,mmse__q16_3
1,2,tabnet,21,mmse__q17
1,2,tabnet,22,mmse__q18
1,2,tabnet,23,mmse__q19
1,2,tabnet,24,mmse__total
1,2,tabnet,25,mmse__orientation_sum
1,2,tabnet,26,mmse__memory_language_sum
1,2,tabnet,27,sleep__scalar_sleep_score_latency__iqr
1,2,tabnet,28,sleep__scalar_sleep_onset_latency__iqr
1,2,tabnet,29,activity__seq_activity_met_q10__q90
1,2,tabnet,30,sleep__scalar_sleep_score_latency__q10
1,2,tabnet,31,sleep__scalar_sleep_restless__iqr
1,2,tabnet,32,sleep__scalar_sleep_onset_latency__q90
1,2,tabnet,33,sleep__seq_sleep_stage_entropy__std
1,2,tabnet,34,sleep__scalar_sleep_restless__std
1,2,tabnet,35,sleep__scalar_sleep_score_latency__recent_early
1,2,tabnet,36,sleep__seq_sleep_stage_entropy__q10
1,2,tabnet,37,sleep__seq_sleep_stage_entropy__iqr
1,2,tabnet,38,sleep__seq_sleep_stage_transition_rate__median
1,2,tabnet,39,sleep__seq_sleep_stage_transition_rate__q10
1,2,tabnet,40,sleep__scalar_sleep_onset_latency__mean
1,2,tabnet,41,sleep__seq_sleep_stage_state_2_ratio__q90
1,2,tabnet,42,sleep__clock_bedtime_start_sin__recent_early
1,2,tabnet,43,sleep__scalar_sleep_score_alignment__recent_early
1,2,tabnet,44,sleep__scalar_sleep_score_latency__std
1,2,tabnet,45,sleep__clock_bedtime_end_sin__rank_slope
1,2,tabnet,46,sleep__scalar_sleep_light__q90
1,2,tabnet,47,sleep__scalar_sleep_midpoint_at_delta__median
1,2,tabnet,48,sleep__scalar_sleep_score_disturbances__iqr
1,2,tabnet,49,sleep__scalar_sleep_score_latency__rank_slope
1,2,tabnet,50,sleep__scalar_sleep_score_deep__iqr
1,2,tabnet,51,sleep__scalar_sleep_onset_latency__median
1,2,tabnet,52,sleep__seq_sleep_stage_transition_rate__q90
1,2,tabnet,53,sleep__seq_sleep_stage_state_2_ratio__std
1,2,tabnet,54,sleep__seq_sleep_stage_entropy__mean
1,2,tabnet,55,activity__scalar_activity_met_min_medium__recent_early
1,2,tabnet,56,sleep__scalar_sleep_light__median
1,2,tabnet,57,sleep__scalar_sleep_restless__q90
1,2,tabnet,58,sleep__seq_sleep_stage_entropy__recent_early
1,2,tabnet,59,activity__seq_activity_state_transition_rate__q90
1,2,tabnet,60,activity__scalar_activity_medium__recent_early
1,2,tabnet,61,sleep__scalar_sleep_score_alignment__mean
1,2,tabnet,62,sleep__scalar_sleep_restless__rank_slope
1,2,tabnet,63,activity__scalar_activity_met_min_inactive__median
1,2,ydf,0,mmse__q01
1,2,ydf,1,mmse__q02
1,2,ydf,2,mmse__q03
1,2,ydf,3,mmse__q04
1,2,ydf,4,mmse__q05
1,2,ydf,5,mmse__q08
1,2,ydf,6,mmse__q09
1,2,ydf,7,mmse__q10
1,2,ydf,8,mmse__q12_1
1,2,ydf,9,mmse__q12_2
1,2,ydf,10,mmse__q12_3
1,2,ydf,11,mmse__q12_4
1,2,ydf,12,mmse__q12_5
1,2,ydf,13,mmse__q13_1
1,2,ydf,14,mmse__q13_2
1,2,ydf,15,mmse__q13_3
1,2,ydf,16,mmse__q14_1
1,2,ydf,17,mmse__q15
1,2,ydf,18,mmse__q16_1
1,2,ydf,19,mmse__q16_2
1,2,ydf,20,mmse__q16_3
1,2,ydf,21,mmse__q17
1,2,ydf,22,mmse__q18
1,2,ydf,23,mmse__q19
1,2,ydf,24,mmse__total
1,2,ydf,25,mmse__orientation_sum
1,2,ydf,26,mmse__memory_language_sum
1,2,ydf,27,sleep__scalar_sleep_score_latency__iqr
1,2,ydf,28,sleep__scalar_sleep_onset_latency__iqr
1,2,ydf,29,activity__seq_activity_met_q10__q90
1,2,ydf,30,sleep__scalar_sleep_score_latency__q10
1,2,ydf,31,sleep__scalar_sleep_restless__iqr
1,2,ydf,32,sleep__scalar_sleep_onset_latency__q90
1,2,ydf,33,sleep__seq_sleep_stage_entropy__std
1,2,ydf,34,sleep__scalar_sleep_restless__std
1,2,ydf,35,sleep__scalar_sleep_score_latency__recent_early
1,2,ydf,36,sleep__seq_sleep_stage_entropy__q10
1,2,ydf,37,sleep__seq_sleep_stage_entropy__iqr
1,2,ydf,38,sleep__seq_sleep_stage_transition_rate__median
1,2,ydf,39,sleep__seq_sleep_stage_transition_rate__q10
1,2,ydf,40,sleep__scalar_sleep_onset_latency__mean
1,2,ydf,41,sleep__seq_sleep_stage_state_2_ratio__q90
1,2,ydf,42,sleep__clock_bedtime_start_sin__recent_early
1,2,ydf,43,sleep__scalar_sleep_score_alignment__recent_early
1,2,ydf,44,sleep__scalar_sleep_score_latency__std
1,2,ydf,45,sleep__clock_bedtime_end_sin__rank_slope
1,2,ydf,46,sleep__scalar_sleep_light__q90
1,2,ydf,47,sleep__scalar_sleep_midpoint_at_delta__median
1,2,ydf,48,sleep__scalar_sleep_score_disturbances__iqr
1,2,ydf,49,sleep__scalar_sleep_score_latency__rank_slope
1,2,ydf,50,sleep__scalar_sleep_score_deep__iqr
1,2,ydf,51,sleep__scalar_sleep_onset_latency__median
1,2,ydf,52,sleep__seq_sleep_stage_transition_rate__q90
1,2,ydf,53,sleep__seq_sleep_stage_state_2_ratio__std
1,2,ydf,54,sleep__seq_sleep_stage_entropy__mean
1,2,ydf,55,activity__scalar_activity_met_min_medium__recent_early
1,2,ydf,56,sleep__scalar_sleep_light__median
1,2,ydf,57,sleep__scalar_sleep_restless__q90
1,2,ydf,58,sleep__seq_sleep_stage_entropy__recent_early
1,2,ydf,59,activity__seq_activity_state_transition_rate__q90
1,2,ydf,60,activity__scalar_activity_medium__recent_early
1,2,ydf,61,sleep__scalar_sleep_score_alignment__mean
1,2,ydf,62,sleep__scalar_sleep_restless__rank_slope
1,2,ydf,63,activity__scalar_activity_met_min_inactive__median
